14:49:07 **** Incremental Build of configuration Debug for project minimal_rtos ****
make -j20 all 
Building file: ../FreeRTOS/Source/event_groups.c
Invoking: Andes C Compiler
nds32le-elf-gcc -DCFG_APP_CONFIG -DCFG_CHIP_CONFIG -I"/cygdrive/D/BanAirBundy/minimal_rtos" -I"/cygdrive/D/BanAirBundy/minimal_rtos/system_config" -I"/cygdrive/D/BanAirBundy/minimal_rtos/driver/driver_api/inc" -I"/cygdrive/D/BanAirBundy/minimal_rtos/driver/driver/inc" -I"/cygdrive/D/BanAirBundy/minimal_rtos/middleware/mv_utils/inc" -I"/cygdrive/D/BanAirBundy/minimal_rtos/FreeRTOS/Source/include" -I"/cygdrive/D/BanAirBundy/minimal_rtos/startup" -I"/cygdrive/D/BanAirBundy/minimal_rtos/banux" -I"/cygdrive/D/BanAirBundy/minimal_rtos/banux/01_hal_drivers" -I"/cygdrive/D/BanAirBundy/minimal_rtos/banux/01_hal_drivers/adc" -I"/cygdrive/D/BanAirBundy/minimal_rtos/banux/01_hal_drivers/gpio" -I"/cygdrive/D/BanAirBundy/minimal_rtos/banux/01_hal_drivers/spi" -I"/cygdrive/D/BanAirBundy/minimal_rtos/banux/01_hal_drivers/sdio" -I"/cygdrive/D/BanAirBundy/minimal_rtos/banux/01_vfs" -I"/cygdrive/D/BanAirBundy/minimal_rtos/banux/02_device_drivers/flash" -I"/cygdrive/D/BanAirBundy/minimal_rtos/banux/03_driver_framework" -I"/cygdrive/D/BanAirBundy/minimal_rtos/banux/03_driver_framework/core" -I"/cygdrive/D/BanAirBundy/minimal_rtos/banux/03_driver_framework/drivers" -I"/cygdrive/D/BanAirBundy/minimal_rtos/banux/03_driver_framework/event" -I"/cygdrive/D/BanAirBundy/minimal_rtos/banux/04_shell_commands" -I"/cygdrive/D/BanAirBundy/minimal_rtos/banux/05_component" -I"/cygdrive/D/BanAirBundy/minimal_rtos/banux/05_component/firmware_upgrade" -I"/cygdrive/D/BanAirBundy/minimal_rtos/banux/05_component/fat32" -I"/cygdrive/D/BanAirBundy/minimal_rtos/banux/05_component/sys_param" -I"/cygdrive/D/BanAirBundy/minimal_rtos/banux/05_component/sys_state" -I"/cygdrive/D/BanAirBundy/minimal_rtos/banux/05_component/sys_led" -Og -mcmodel=medium -g3 -Wall -mcpu=d1088-spu -c -fmessage-length=0 -ldsp -mext-dsp -std=gnu99 -fsingle-precision-constant -ffunction-sections -fdata-sections -MMD -MP -MF"FreeRTOS/Source/event_groups.d" -MT"FreeRTOS/Source/event_groups.d FreeRTOS/Source/event_groups.o" -o "FreeRTOS/Source/event_groups.o" "../FreeRTOS/Source/event_groups.c"
In file included from /cygdrive/D/BanAirBundy/minimal_rtos/system_config/app_config.h:4:0,
                 from /cygdrive/D/BanAirBundy/minimal_rtos/FreeRTOS/Source/include/FreeRTOSConfig.h:4,
                 from /cygdrive/D/BanAirBundy/minimal_rtos/FreeRTOS/Source/include/FreeRTOS.h:106,
                 from ../FreeRTOS/Source/event_groups.c:75:
/cygdrive/D/BanAirBundy/minimal_rtos/system_config/chip_config.h:44:0: warning: "CFG_CHIP_CONFIG" redefined
 #define CFG_CHIP_CONFIG
 ^
<command-line>:0:0: note: this is the location of the previous definition
In file included from /cygdrive/D/BanAirBundy/minimal_rtos/FreeRTOS/Source/include/os_cpu.h:12:0,
                 from /cygdrive/D/BanAirBundy/minimal_rtos/FreeRTOS/Source/include/portmacro.h:126,
                 from /cygdrive/D/BanAirBundy/minimal_rtos/FreeRTOS/Source/include/portable.h:329,
                 from /cygdrive/D/BanAirBundy/minimal_rtos/FreeRTOS/Source/include/FreeRTOS.h:115,
                 from ../FreeRTOS/Source/event_groups.c:75:
/cygdrive/D/BanAirBundy/minimal_rtos/FreeRTOS/Source/include/n12_def.h:23:20: warning: inline function 'GIE_DISABLE' declared but never defined
 extern inline void GIE_DISABLE(); //defined @startup interrupt.c
                    ^
/cygdrive/D/BanAirBundy/minimal_rtos/FreeRTOS/Source/include/n12_def.h:22:20: warning: inline function 'GIE_ENABLE' declared but never defined
 extern inline void GIE_ENABLE(); //defined @startup interrupt.c
                    ^
/cygdrive/D/BanAirBundy/minimal_rtos/FreeRTOS/Source/include/n12_def.h:23:20: warning: inline function 'GIE_DISABLE' declared but never defined
 extern inline void GIE_DISABLE(); //defined @startup interrupt.c
                    ^
/cygdrive/D/BanAirBundy/minimal_rtos/FreeRTOS/Source/include/n12_def.h:22:20: warning: inline function 'GIE_ENABLE' declared but never defined
 extern inline void GIE_ENABLE(); //defined @startup interrupt.c
                    ^
Finished building: ../FreeRTOS/Source/event_groups.c
 
Building file: ../FreeRTOS/Source/heap_5s.c
Invoking: Andes C Compiler
nds32le-elf-gcc -DCFG_APP_CONFIG -DCFG_CHIP_CONFIG -I"/cygdrive/D/BanAirBundy/minimal_rtos" -I"/cygdrive/D/BanAirBundy/minimal_rtos/system_config" -I"/cygdrive/D/BanAirBundy/minimal_rtos/driver/driver_api/inc" -I"/cygdrive/D/BanAirBundy/minimal_rtos/driver/driver/inc" -I"/cygdrive/D/BanAirBundy/minimal_rtos/middleware/mv_utils/inc" -I"/cygdrive/D/BanAirBundy/minimal_rtos/FreeRTOS/Source/include" -I"/cygdrive/D/BanAirBundy/minimal_rtos/startup" -I"/cygdrive/D/BanAirBundy/minimal_rtos/banux" -I"/cygdrive/D/BanAirBundy/minimal_rtos/banux/01_hal_drivers" -I"/cygdrive/D/BanAirBundy/minimal_rtos/banux/01_hal_drivers/adc" -I"/cygdrive/D/BanAirBundy/minimal_rtos/banux/01_hal_drivers/gpio" -I"/cygdrive/D/BanAirBundy/minimal_rtos/banux/01_hal_drivers/spi" -I"/cygdrive/D/BanAirBundy/minimal_rtos/banux/01_hal_drivers/sdio" -I"/cygdrive/D/BanAirBundy/minimal_rtos/banux/01_vfs" -I"/cygdrive/D/BanAirBundy/minimal_rtos/banux/02_device_drivers/flash" -I"/cygdrive/D/BanAirBundy/minimal_rtos/banux/03_driver_framework" -I"/cygdrive/D/BanAirBundy/minimal_rtos/banux/03_driver_framework/core" -I"/cygdrive/D/BanAirBundy/minimal_rtos/banux/03_driver_framework/drivers" -I"/cygdrive/D/BanAirBundy/minimal_rtos/banux/03_driver_framework/event" -I"/cygdrive/D/BanAirBundy/minimal_rtos/banux/04_shell_commands" -I"/cygdrive/D/BanAirBundy/minimal_rtos/banux/05_component" -I"/cygdrive/D/BanAirBundy/minimal_rtos/banux/05_component/firmware_upgrade" -I"/cygdrive/D/BanAirBundy/minimal_rtos/banux/05_component/fat32" -I"/cygdrive/D/BanAirBundy/minimal_rtos/banux/05_component/sys_param" -I"/cygdrive/D/BanAirBundy/minimal_rtos/banux/05_component/sys_state" -I"/cygdrive/D/BanAirBundy/minimal_rtos/banux/05_component/sys_led" -Og -mcmodel=medium -g3 -Wall -mcpu=d1088-spu -c -fmessage-length=0 -ldsp -mext-dsp -std=gnu99 -fsingle-precision-constant -ffunction-sections -fdata-sections -MMD -MP -MF"FreeRTOS/Source/heap_5s.d" -MT"FreeRTOS/Source/heap_5s.d FreeRTOS/Source/heap_5s.o" -o "FreeRTOS/Source/heap_5s.o" "../FreeRTOS/Source/heap_5s.c"
In file included from /cygdrive/D/BanAirBundy/minimal_rtos/system_config/app_config.h:4:0,
                 from /cygdrive/D/BanAirBundy/minimal_rtos/FreeRTOS/Source/include/FreeRTOSConfig.h:4,
                 from /cygdrive/D/BanAirBundy/minimal_rtos/FreeRTOS/Source/include/FreeRTOS.h:106,
                 from ../FreeRTOS/Source/heap_5s.c:115:
/cygdrive/D/BanAirBundy/minimal_rtos/system_config/chip_config.h:44:0: warning: "CFG_CHIP_CONFIG" redefined
 #define CFG_CHIP_CONFIG
 ^
<command-line>:0:0: note: this is the location of the previous definition
In file included from /cygdrive/D/BanAirBundy/minimal_rtos/FreeRTOS/Source/include/os_cpu.h:12:0,
                 from /cygdrive/D/BanAirBundy/minimal_rtos/FreeRTOS/Source/include/portmacro.h:126,
                 from /cygdrive/D/BanAirBundy/minimal_rtos/FreeRTOS/Source/include/portable.h:329,
                 from /cygdrive/D/BanAirBundy/minimal_rtos/FreeRTOS/Source/include/FreeRTOS.h:115,
                 from ../FreeRTOS/Source/heap_5s.c:115:
/cygdrive/D/BanAirBundy/minimal_rtos/FreeRTOS/Source/include/n12_def.h:23:20: warning: inline function 'GIE_DISABLE' declared but never defined
 extern inline void GIE_DISABLE(); //defined @startup interrupt.c
                    ^
/cygdrive/D/BanAirBundy/minimal_rtos/FreeRTOS/Source/include/n12_def.h:22:20: warning: inline function 'GIE_ENABLE' declared but never defined
 extern inline void GIE_ENABLE(); //defined @startup interrupt.c
                    ^
/cygdrive/D/BanAirBundy/minimal_rtos/FreeRTOS/Source/include/n12_def.h:23:20: warning: inline function 'GIE_DISABLE' declared but never defined
 extern inline void GIE_DISABLE(); //defined @startup interrupt.c
                    ^
/cygdrive/D/BanAirBundy/minimal_rtos/FreeRTOS/Source/include/n12_def.h:22:20: warning: inline function 'GIE_ENABLE' declared but never defined
 extern inline void GIE_ENABLE(); //defined @startup interrupt.c
                    ^
Finished building: ../FreeRTOS/Source/heap_5s.c
 
Building file: ../FreeRTOS/Source/list.c
Invoking: Andes C Compiler
nds32le-elf-gcc -DCFG_APP_CONFIG -DCFG_CHIP_CONFIG -I"/cygdrive/D/BanAirBundy/minimal_rtos" -I"/cygdrive/D/BanAirBundy/minimal_rtos/system_config" -I"/cygdrive/D/BanAirBundy/minimal_rtos/driver/driver_api/inc" -I"/cygdrive/D/BanAirBundy/minimal_rtos/driver/driver/inc" -I"/cygdrive/D/BanAirBundy/minimal_rtos/middleware/mv_utils/inc" -I"/cygdrive/D/BanAirBundy/minimal_rtos/FreeRTOS/Source/include" -I"/cygdrive/D/BanAirBundy/minimal_rtos/startup" -I"/cygdrive/D/BanAirBundy/minimal_rtos/banux" -I"/cygdrive/D/BanAirBundy/minimal_rtos/banux/01_hal_drivers" -I"/cygdrive/D/BanAirBundy/minimal_rtos/banux/01_hal_drivers/adc" -I"/cygdrive/D/BanAirBundy/minimal_rtos/banux/01_hal_drivers/gpio" -I"/cygdrive/D/BanAirBundy/minimal_rtos/banux/01_hal_drivers/spi" -I"/cygdrive/D/BanAirBundy/minimal_rtos/banux/01_hal_drivers/sdio" -I"/cygdrive/D/BanAirBundy/minimal_rtos/banux/01_vfs" -I"/cygdrive/D/BanAirBundy/minimal_rtos/banux/02_device_drivers/flash" -I"/cygdrive/D/BanAirBundy/minimal_rtos/banux/03_driver_framework" -I"/cygdrive/D/BanAirBundy/minimal_rtos/banux/03_driver_framework/core" -I"/cygdrive/D/BanAirBundy/minimal_rtos/banux/03_driver_framework/drivers" -I"/cygdrive/D/BanAirBundy/minimal_rtos/banux/03_driver_framework/event" -I"/cygdrive/D/BanAirBundy/minimal_rtos/banux/04_shell_commands" -I"/cygdrive/D/BanAirBundy/minimal_rtos/banux/05_component" -I"/cygdrive/D/BanAirBundy/minimal_rtos/banux/05_component/firmware_upgrade" -I"/cygdrive/D/BanAirBundy/minimal_rtos/banux/05_component/fat32" -I"/cygdrive/D/BanAirBundy/minimal_rtos/banux/05_component/sys_param" -I"/cygdrive/D/BanAirBundy/minimal_rtos/banux/05_component/sys_state" -I"/cygdrive/D/BanAirBundy/minimal_rtos/banux/05_component/sys_led" -Og -mcmodel=medium -g3 -Wall -mcpu=d1088-spu -c -fmessage-length=0 -ldsp -mext-dsp -std=gnu99 -fsingle-precision-constant -ffunction-sections -fdata-sections -MMD -MP -MF"FreeRTOS/Source/list.d" -MT"FreeRTOS/Source/list.d FreeRTOS/Source/list.o" -o "FreeRTOS/Source/list.o" "../FreeRTOS/Source/list.c"
In file included from /cygdrive/D/BanAirBundy/minimal_rtos/system_config/app_config.h:4:0,
                 from /cygdrive/D/BanAirBundy/minimal_rtos/FreeRTOS/Source/include/FreeRTOSConfig.h:4,
                 from /cygdrive/D/BanAirBundy/minimal_rtos/FreeRTOS/Source/include/FreeRTOS.h:106,
                 from ../FreeRTOS/Source/list.c:68:
/cygdrive/D/BanAirBundy/minimal_rtos/system_config/chip_config.h:44:0: warning: "CFG_CHIP_CONFIG" redefined
 #define CFG_CHIP_CONFIG
 ^
<command-line>:0:0: note: this is the location of the previous definition
In file included from /cygdrive/D/BanAirBundy/minimal_rtos/FreeRTOS/Source/include/os_cpu.h:12:0,
                 from /cygdrive/D/BanAirBundy/minimal_rtos/FreeRTOS/Source/include/portmacro.h:126,
                 from /cygdrive/D/BanAirBundy/minimal_rtos/FreeRTOS/Source/include/portable.h:329,
                 from /cygdrive/D/BanAirBundy/minimal_rtos/FreeRTOS/Source/include/FreeRTOS.h:115,
                 from ../FreeRTOS/Source/list.c:68:
/cygdrive/D/BanAirBundy/minimal_rtos/FreeRTOS/Source/include/n12_def.h:23:20: warning: inline function 'GIE_DISABLE' declared but never defined
 extern inline void GIE_DISABLE(); //defined @startup interrupt.c
                    ^
/cygdrive/D/BanAirBundy/minimal_rtos/FreeRTOS/Source/include/n12_def.h:22:20: warning: inline function 'GIE_ENABLE' declared but never defined
 extern inline void GIE_ENABLE(); //defined @startup interrupt.c
                    ^
/cygdrive/D/BanAirBundy/minimal_rtos/FreeRTOS/Source/include/n12_def.h:23:20: warning: inline function 'GIE_DISABLE' declared but never defined
 extern inline void GIE_DISABLE(); //defined @startup interrupt.c
                    ^
/cygdrive/D/BanAirBundy/minimal_rtos/FreeRTOS/Source/include/n12_def.h:22:20: warning: inline function 'GIE_ENABLE' declared but never defined
 extern inline void GIE_ENABLE(); //defined @startup interrupt.c
                    ^
Finished building: ../FreeRTOS/Source/list.c
 
Building file: ../FreeRTOS/Source/queue.c
Invoking: Andes C Compiler
nds32le-elf-gcc -DCFG_APP_CONFIG -DCFG_CHIP_CONFIG -I"/cygdrive/D/BanAirBundy/minimal_rtos" -I"/cygdrive/D/BanAirBundy/minimal_rtos/system_config" -I"/cygdrive/D/BanAirBundy/minimal_rtos/driver/driver_api/inc" -I"/cygdrive/D/BanAirBundy/minimal_rtos/driver/driver/inc" -I"/cygdrive/D/BanAirBundy/minimal_rtos/middleware/mv_utils/inc" -I"/cygdrive/D/BanAirBundy/minimal_rtos/FreeRTOS/Source/include" -I"/cygdrive/D/BanAirBundy/minimal_rtos/startup" -I"/cygdrive/D/BanAirBundy/minimal_rtos/banux" -I"/cygdrive/D/BanAirBundy/minimal_rtos/banux/01_hal_drivers" -I"/cygdrive/D/BanAirBundy/minimal_rtos/banux/01_hal_drivers/adc" -I"/cygdrive/D/BanAirBundy/minimal_rtos/banux/01_hal_drivers/gpio" -I"/cygdrive/D/BanAirBundy/minimal_rtos/banux/01_hal_drivers/spi" -I"/cygdrive/D/BanAirBundy/minimal_rtos/banux/01_hal_drivers/sdio" -I"/cygdrive/D/BanAirBundy/minimal_rtos/banux/01_vfs" -I"/cygdrive/D/BanAirBundy/minimal_rtos/banux/02_device_drivers/flash" -I"/cygdrive/D/BanAirBundy/minimal_rtos/banux/03_driver_framework" -I"/cygdrive/D/BanAirBundy/minimal_rtos/banux/03_driver_framework/core" -I"/cygdrive/D/BanAirBundy/minimal_rtos/banux/03_driver_framework/drivers" -I"/cygdrive/D/BanAirBundy/minimal_rtos/banux/03_driver_framework/event" -I"/cygdrive/D/BanAirBundy/minimal_rtos/banux/04_shell_commands" -I"/cygdrive/D/BanAirBundy/minimal_rtos/banux/05_component" -I"/cygdrive/D/BanAirBundy/minimal_rtos/banux/05_component/firmware_upgrade" -I"/cygdrive/D/BanAirBundy/minimal_rtos/banux/05_component/fat32" -I"/cygdrive/D/BanAirBundy/minimal_rtos/banux/05_component/sys_param" -I"/cygdrive/D/BanAirBundy/minimal_rtos/banux/05_component/sys_state" -I"/cygdrive/D/BanAirBundy/minimal_rtos/banux/05_component/sys_led" -Og -mcmodel=medium -g3 -Wall -mcpu=d1088-spu -c -fmessage-length=0 -ldsp -mext-dsp -std=gnu99 -fsingle-precision-constant -ffunction-sections -fdata-sections -MMD -MP -MF"FreeRTOS/Source/queue.d" -MT"FreeRTOS/Source/queue.d FreeRTOS/Source/queue.o" -o "FreeRTOS/Source/queue.o" "../FreeRTOS/Source/queue.c"
In file included from /cygdrive/D/BanAirBundy/minimal_rtos/system_config/app_config.h:4:0,
                 from /cygdrive/D/BanAirBundy/minimal_rtos/FreeRTOS/Source/include/FreeRTOSConfig.h:4,
                 from /cygdrive/D/BanAirBundy/minimal_rtos/FreeRTOS/Source/include/FreeRTOS.h:106,
                 from ../FreeRTOS/Source/queue.c:74:
/cygdrive/D/BanAirBundy/minimal_rtos/system_config/chip_config.h:44:0: warning: "CFG_CHIP_CONFIG" redefined
 #define CFG_CHIP_CONFIG
 ^
<command-line>:0:0: note: this is the location of the previous definition
In file included from /cygdrive/D/BanAirBundy/minimal_rtos/FreeRTOS/Source/include/os_cpu.h:12:0,
                 from /cygdrive/D/BanAirBundy/minimal_rtos/FreeRTOS/Source/include/portmacro.h:126,
                 from /cygdrive/D/BanAirBundy/minimal_rtos/FreeRTOS/Source/include/portable.h:329,
                 from /cygdrive/D/BanAirBundy/minimal_rtos/FreeRTOS/Source/include/FreeRTOS.h:115,
                 from ../FreeRTOS/Source/queue.c:74:
/cygdrive/D/BanAirBundy/minimal_rtos/FreeRTOS/Source/include/n12_def.h:23:20: warning: inline function 'GIE_DISABLE' declared but never defined
 extern inline void GIE_DISABLE(); //defined @startup interrupt.c
                    ^
/cygdrive/D/BanAirBundy/minimal_rtos/FreeRTOS/Source/include/n12_def.h:22:20: warning: inline function 'GIE_ENABLE' declared but never defined
 extern inline void GIE_ENABLE(); //defined @startup interrupt.c
                    ^
/cygdrive/D/BanAirBundy/minimal_rtos/FreeRTOS/Source/include/n12_def.h:23:20: warning: inline function 'GIE_DISABLE' declared but never defined
 extern inline void GIE_DISABLE(); //defined @startup interrupt.c
                    ^
/cygdrive/D/BanAirBundy/minimal_rtos/FreeRTOS/Source/include/n12_def.h:22:20: warning: inline function 'GIE_ENABLE' declared but never defined
 extern inline void GIE_ENABLE(); //defined @startup interrupt.c
                    ^
Finished building: ../FreeRTOS/Source/queue.c
 
Building file: ../FreeRTOS/Source/tasks.c
Invoking: Andes C Compiler
nds32le-elf-gcc -DCFG_APP_CONFIG -DCFG_CHIP_CONFIG -I"/cygdrive/D/BanAirBundy/minimal_rtos" -I"/cygdrive/D/BanAirBundy/minimal_rtos/system_config" -I"/cygdrive/D/BanAirBundy/minimal_rtos/driver/driver_api/inc" -I"/cygdrive/D/BanAirBundy/minimal_rtos/driver/driver/inc" -I"/cygdrive/D/BanAirBundy/minimal_rtos/middleware/mv_utils/inc" -I"/cygdrive/D/BanAirBundy/minimal_rtos/FreeRTOS/Source/include" -I"/cygdrive/D/BanAirBundy/minimal_rtos/startup" -I"/cygdrive/D/BanAirBundy/minimal_rtos/banux" -I"/cygdrive/D/BanAirBundy/minimal_rtos/banux/01_hal_drivers" -I"/cygdrive/D/BanAirBundy/minimal_rtos/banux/01_hal_drivers/adc" -I"/cygdrive/D/BanAirBundy/minimal_rtos/banux/01_hal_drivers/gpio" -I"/cygdrive/D/BanAirBundy/minimal_rtos/banux/01_hal_drivers/spi" -I"/cygdrive/D/BanAirBundy/minimal_rtos/banux/01_hal_drivers/sdio" -I"/cygdrive/D/BanAirBundy/minimal_rtos/banux/01_vfs" -I"/cygdrive/D/BanAirBundy/minimal_rtos/banux/02_device_drivers/flash" -I"/cygdrive/D/BanAirBundy/minimal_rtos/banux/03_driver_framework" -I"/cygdrive/D/BanAirBundy/minimal_rtos/banux/03_driver_framework/core" -I"/cygdrive/D/BanAirBundy/minimal_rtos/banux/03_driver_framework/drivers" -I"/cygdrive/D/BanAirBundy/minimal_rtos/banux/03_driver_framework/event" -I"/cygdrive/D/BanAirBundy/minimal_rtos/banux/04_shell_commands" -I"/cygdrive/D/BanAirBundy/minimal_rtos/banux/05_component" -I"/cygdrive/D/BanAirBundy/minimal_rtos/banux/05_component/firmware_upgrade" -I"/cygdrive/D/BanAirBundy/minimal_rtos/banux/05_component/fat32" -I"/cygdrive/D/BanAirBundy/minimal_rtos/banux/05_component/sys_param" -I"/cygdrive/D/BanAirBundy/minimal_rtos/banux/05_component/sys_state" -I"/cygdrive/D/BanAirBundy/minimal_rtos/banux/05_component/sys_led" -Og -mcmodel=medium -g3 -Wall -mcpu=d1088-spu -c -fmessage-length=0 -ldsp -mext-dsp -std=gnu99 -fsingle-precision-constant -ffunction-sections -fdata-sections -MMD -MP -MF"FreeRTOS/Source/tasks.d" -MT"FreeRTOS/Source/tasks.d FreeRTOS/Source/tasks.o" -o "FreeRTOS/Source/tasks.o" "../FreeRTOS/Source/tasks.c"
In file included from /cygdrive/D/BanAirBundy/minimal_rtos/system_config/app_config.h:4:0,
                 from /cygdrive/D/BanAirBundy/minimal_rtos/FreeRTOS/Source/include/FreeRTOSConfig.h:4,
                 from /cygdrive/D/BanAirBundy/minimal_rtos/FreeRTOS/Source/include/FreeRTOS.h:106,
                 from ../FreeRTOS/Source/tasks.c:76:
/cygdrive/D/BanAirBundy/minimal_rtos/system_config/chip_config.h:44:0: warning: "CFG_CHIP_CONFIG" redefined
 #define CFG_CHIP_CONFIG
 ^
<command-line>:0:0: note: this is the location of the previous definition
In file included from /cygdrive/D/BanAirBundy/minimal_rtos/FreeRTOS/Source/include/os_cpu.h:12:0,
                 from /cygdrive/D/BanAirBundy/minimal_rtos/FreeRTOS/Source/include/portmacro.h:126,
                 from /cygdrive/D/BanAirBundy/minimal_rtos/FreeRTOS/Source/include/portable.h:329,
                 from /cygdrive/D/BanAirBundy/minimal_rtos/FreeRTOS/Source/include/FreeRTOS.h:115,
                 from ../FreeRTOS/Source/tasks.c:76:
/cygdrive/D/BanAirBundy/minimal_rtos/FreeRTOS/Source/include/n12_def.h:23:20: warning: inline function 'GIE_DISABLE' declared but never defined
 extern inline void GIE_DISABLE(); //defined @startup interrupt.c
                    ^
/cygdrive/D/BanAirBundy/minimal_rtos/FreeRTOS/Source/include/n12_def.h:22:20: warning: inline function 'GIE_ENABLE' declared but never defined
 extern inline void GIE_ENABLE(); //defined @startup interrupt.c
                    ^
/cygdrive/D/BanAirBundy/minimal_rtos/FreeRTOS/Source/include/n12_def.h:23:20: warning: inline function 'GIE_DISABLE' declared but never defined
 extern inline void GIE_DISABLE(); //defined @startup interrupt.c
                    ^
/cygdrive/D/BanAirBundy/minimal_rtos/FreeRTOS/Source/include/n12_def.h:22:20: warning: inline function 'GIE_ENABLE' declared but never defined
 extern inline void GIE_ENABLE(); //defined @startup interrupt.c
                    ^
Finished building: ../FreeRTOS/Source/tasks.c
 
Building file: ../FreeRTOS/Source/timers.c
Invoking: Andes C Compiler
nds32le-elf-gcc -DCFG_APP_CONFIG -DCFG_CHIP_CONFIG -I"/cygdrive/D/BanAirBundy/minimal_rtos" -I"/cygdrive/D/BanAirBundy/minimal_rtos/system_config" -I"/cygdrive/D/BanAirBundy/minimal_rtos/driver/driver_api/inc" -I"/cygdrive/D/BanAirBundy/minimal_rtos/driver/driver/inc" -I"/cygdrive/D/BanAirBundy/minimal_rtos/middleware/mv_utils/inc" -I"/cygdrive/D/BanAirBundy/minimal_rtos/FreeRTOS/Source/include" -I"/cygdrive/D/BanAirBundy/minimal_rtos/startup" -I"/cygdrive/D/BanAirBundy/minimal_rtos/banux" -I"/cygdrive/D/BanAirBundy/minimal_rtos/banux/01_hal_drivers" -I"/cygdrive/D/BanAirBundy/minimal_rtos/banux/01_hal_drivers/adc" -I"/cygdrive/D/BanAirBundy/minimal_rtos/banux/01_hal_drivers/gpio" -I"/cygdrive/D/BanAirBundy/minimal_rtos/banux/01_hal_drivers/spi" -I"/cygdrive/D/BanAirBundy/minimal_rtos/banux/01_hal_drivers/sdio" -I"/cygdrive/D/BanAirBundy/minimal_rtos/banux/01_vfs" -I"/cygdrive/D/BanAirBundy/minimal_rtos/banux/02_device_drivers/flash" -I"/cygdrive/D/BanAirBundy/minimal_rtos/banux/03_driver_framework" -I"/cygdrive/D/BanAirBundy/minimal_rtos/banux/03_driver_framework/core" -I"/cygdrive/D/BanAirBundy/minimal_rtos/banux/03_driver_framework/drivers" -I"/cygdrive/D/BanAirBundy/minimal_rtos/banux/03_driver_framework/event" -I"/cygdrive/D/BanAirBundy/minimal_rtos/banux/04_shell_commands" -I"/cygdrive/D/BanAirBundy/minimal_rtos/banux/05_component" -I"/cygdrive/D/BanAirBundy/minimal_rtos/banux/05_component/firmware_upgrade" -I"/cygdrive/D/BanAirBundy/minimal_rtos/banux/05_component/fat32" -I"/cygdrive/D/BanAirBundy/minimal_rtos/banux/05_component/sys_param" -I"/cygdrive/D/BanAirBundy/minimal_rtos/banux/05_component/sys_state" -I"/cygdrive/D/BanAirBundy/minimal_rtos/banux/05_component/sys_led" -Og -mcmodel=medium -g3 -Wall -mcpu=d1088-spu -c -fmessage-length=0 -ldsp -mext-dsp -std=gnu99 -fsingle-precision-constant -ffunction-sections -fdata-sections -MMD -MP -MF"FreeRTOS/Source/timers.d" -MT"FreeRTOS/Source/timers.d FreeRTOS/Source/timers.o" -o "FreeRTOS/Source/timers.o" "../FreeRTOS/Source/timers.c"
In file included from /cygdrive/D/BanAirBundy/minimal_rtos/system_config/app_config.h:4:0,
                 from /cygdrive/D/BanAirBundy/minimal_rtos/FreeRTOS/Source/include/FreeRTOSConfig.h:4,
                 from /cygdrive/D/BanAirBundy/minimal_rtos/FreeRTOS/Source/include/FreeRTOS.h:106,
                 from ../FreeRTOS/Source/timers.c:74:
/cygdrive/D/BanAirBundy/minimal_rtos/system_config/chip_config.h:44:0: warning: "CFG_CHIP_CONFIG" redefined
 #define CFG_CHIP_CONFIG
 ^
<command-line>:0:0: note: this is the location of the previous definition
In file included from /cygdrive/D/BanAirBundy/minimal_rtos/FreeRTOS/Source/include/os_cpu.h:12:0,
                 from /cygdrive/D/BanAirBundy/minimal_rtos/FreeRTOS/Source/include/portmacro.h:126,
                 from /cygdrive/D/BanAirBundy/minimal_rtos/FreeRTOS/Source/include/portable.h:329,
                 from /cygdrive/D/BanAirBundy/minimal_rtos/FreeRTOS/Source/include/FreeRTOS.h:115,
                 from ../FreeRTOS/Source/timers.c:74:
/cygdrive/D/BanAirBundy/minimal_rtos/FreeRTOS/Source/include/n12_def.h:23:20: warning: inline function 'GIE_DISABLE' declared but never defined
 extern inline void GIE_DISABLE(); //defined @startup interrupt.c
                    ^
/cygdrive/D/BanAirBundy/minimal_rtos/FreeRTOS/Source/include/n12_def.h:22:20: warning: inline function 'GIE_ENABLE' declared but never defined
 extern inline void GIE_ENABLE(); //defined @startup interrupt.c
                    ^
/cygdrive/D/BanAirBundy/minimal_rtos/FreeRTOS/Source/include/n12_def.h:23:20: warning: inline function 'GIE_DISABLE' declared but never defined
 extern inline void GIE_DISABLE(); //defined @startup interrupt.c
                    ^
/cygdrive/D/BanAirBundy/minimal_rtos/FreeRTOS/Source/include/n12_def.h:22:20: warning: inline function 'GIE_ENABLE' declared but never defined
 extern inline void GIE_ENABLE(); //defined @startup interrupt.c
                    ^
Finished building: ../FreeRTOS/Source/timers.c
 
Building file: ../FreeRTOS/Source/portable/os_cpu_a.S
Invoking: Andes C Compiler
nds32le-elf-gcc -DCFG_APP_CONFIG -DCFG_CHIP_CONFIG -I"/cygdrive/D/BanAirBundy/minimal_rtos" -I"/cygdrive/D/BanAirBundy/minimal_rtos/system_config" -I"/cygdrive/D/BanAirBundy/minimal_rtos/driver/driver_api/inc" -I"/cygdrive/D/BanAirBundy/minimal_rtos/driver/driver/inc" -I"/cygdrive/D/BanAirBundy/minimal_rtos/middleware/mv_utils/inc" -I"/cygdrive/D/BanAirBundy/minimal_rtos/FreeRTOS/Source/include" -I"/cygdrive/D/BanAirBundy/minimal_rtos/startup" -I"/cygdrive/D/BanAirBundy/minimal_rtos/banux" -I"/cygdrive/D/BanAirBundy/minimal_rtos/banux/01_hal_drivers" -I"/cygdrive/D/BanAirBundy/minimal_rtos/banux/01_hal_drivers/adc" -I"/cygdrive/D/BanAirBundy/minimal_rtos/banux/01_hal_drivers/gpio" -I"/cygdrive/D/BanAirBundy/minimal_rtos/banux/01_hal_drivers/spi" -I"/cygdrive/D/BanAirBundy/minimal_rtos/banux/01_hal_drivers/sdio" -I"/cygdrive/D/BanAirBundy/minimal_rtos/banux/01_vfs" -I"/cygdrive/D/BanAirBundy/minimal_rtos/banux/02_device_drivers/flash" -I"/cygdrive/D/BanAirBundy/minimal_rtos/banux/03_driver_framework" -I"/cygdrive/D/BanAirBundy/minimal_rtos/banux/03_driver_framework/core" -I"/cygdrive/D/BanAirBundy/minimal_rtos/banux/03_driver_framework/drivers" -I"/cygdrive/D/BanAirBundy/minimal_rtos/banux/03_driver_framework/event" -I"/cygdrive/D/BanAirBundy/minimal_rtos/banux/04_shell_commands" -I"/cygdrive/D/BanAirBundy/minimal_rtos/banux/05_component" -I"/cygdrive/D/BanAirBundy/minimal_rtos/banux/05_component/firmware_upgrade" -I"/cygdrive/D/BanAirBundy/minimal_rtos/banux/05_component/fat32" -I"/cygdrive/D/BanAirBundy/minimal_rtos/banux/05_component/sys_param" -I"/cygdrive/D/BanAirBundy/minimal_rtos/banux/05_component/sys_state" -I"/cygdrive/D/BanAirBundy/minimal_rtos/banux/05_component/sys_led" -Og -mcmodel=medium -g3 -Wall -mcpu=d1088-spu -c -fmessage-length=0 -ldsp -mext-dsp -std=gnu99 -fsingle-precision-constant -ffunction-sections -fdata-sections -MMD -MP -MF"FreeRTOS/Source/portable/os_cpu_a.d" -MT"FreeRTOS/Source/portable/os_cpu_a.d FreeRTOS/Source/portable/os_cpu_a.o" -o "FreeRTOS/Source/portable/os_cpu_a.o" "../FreeRTOS/Source/portable/os_cpu_a.S"
In file included from /cygdrive/D/BanAirBundy/minimal_rtos/system_config/app_config.h:4:0,
                 from /cygdrive/D/BanAirBundy/minimal_rtos/FreeRTOS/Source/include/FreeRTOSConfig.h:4,
                 from ../FreeRTOS/Source/portable/os_cpu_a.S:20:
/cygdrive/D/BanAirBundy/minimal_rtos/system_config/chip_config.h:44:0: warning: "CFG_CHIP_CONFIG" redefined
 #define CFG_CHIP_CONFIG
 ^
<command-line>:0:0: note: this is the location of the previous definition
Finished building: ../FreeRTOS/Source/portable/os_cpu_a.S
 
Building file: ../FreeRTOS/Source/portable/port.c
Invoking: Andes C Compiler
nds32le-elf-gcc -DCFG_APP_CONFIG -DCFG_CHIP_CONFIG -I"/cygdrive/D/BanAirBundy/minimal_rtos" -I"/cygdrive/D/BanAirBundy/minimal_rtos/system_config" -I"/cygdrive/D/BanAirBundy/minimal_rtos/driver/driver_api/inc" -I"/cygdrive/D/BanAirBundy/minimal_rtos/driver/driver/inc" -I"/cygdrive/D/BanAirBundy/minimal_rtos/middleware/mv_utils/inc" -I"/cygdrive/D/BanAirBundy/minimal_rtos/FreeRTOS/Source/include" -I"/cygdrive/D/BanAirBundy/minimal_rtos/startup" -I"/cygdrive/D/BanAirBundy/minimal_rtos/banux" -I"/cygdrive/D/BanAirBundy/minimal_rtos/banux/01_hal_drivers" -I"/cygdrive/D/BanAirBundy/minimal_rtos/banux/01_hal_drivers/adc" -I"/cygdrive/D/BanAirBundy/minimal_rtos/banux/01_hal_drivers/gpio" -I"/cygdrive/D/BanAirBundy/minimal_rtos/banux/01_hal_drivers/spi" -I"/cygdrive/D/BanAirBundy/minimal_rtos/banux/01_hal_drivers/sdio" -I"/cygdrive/D/BanAirBundy/minimal_rtos/banux/01_vfs" -I"/cygdrive/D/BanAirBundy/minimal_rtos/banux/02_device_drivers/flash" -I"/cygdrive/D/BanAirBundy/minimal_rtos/banux/03_driver_framework" -I"/cygdrive/D/BanAirBundy/minimal_rtos/banux/03_driver_framework/core" -I"/cygdrive/D/BanAirBundy/minimal_rtos/banux/03_driver_framework/drivers" -I"/cygdrive/D/BanAirBundy/minimal_rtos/banux/03_driver_framework/event" -I"/cygdrive/D/BanAirBundy/minimal_rtos/banux/04_shell_commands" -I"/cygdrive/D/BanAirBundy/minimal_rtos/banux/05_component" -I"/cygdrive/D/BanAirBundy/minimal_rtos/banux/05_component/firmware_upgrade" -I"/cygdrive/D/BanAirBundy/minimal_rtos/banux/05_component/fat32" -I"/cygdrive/D/BanAirBundy/minimal_rtos/banux/05_component/sys_param" -I"/cygdrive/D/BanAirBundy/minimal_rtos/banux/05_component/sys_state" -I"/cygdrive/D/BanAirBundy/minimal_rtos/banux/05_component/sys_led" -Og -mcmodel=medium -g3 -Wall -mcpu=d1088-spu -c -fmessage-length=0 -ldsp -mext-dsp -std=gnu99 -fsingle-precision-constant -ffunction-sections -fdata-sections -MMD -MP -MF"FreeRTOS/Source/portable/port.d" -MT"FreeRTOS/Source/portable/port.d FreeRTOS/Source/portable/port.o" -o "FreeRTOS/Source/portable/port.o" "../FreeRTOS/Source/portable/port.c"
In file included from /cygdrive/D/BanAirBundy/minimal_rtos/system_config/app_config.h:4:0,
                 from /cygdrive/D/BanAirBundy/minimal_rtos/FreeRTOS/Source/include/FreeRTOSConfig.h:4,
                 from /cygdrive/D/BanAirBundy/minimal_rtos/FreeRTOS/Source/include/FreeRTOS.h:106,
                 from ../FreeRTOS/Source/portable/port.c:72:
/cygdrive/D/BanAirBundy/minimal_rtos/system_config/chip_config.h:44:0: warning: "CFG_CHIP_CONFIG" redefined
 #define CFG_CHIP_CONFIG
 ^
<command-line>:0:0: note: this is the location of the previous definition
In file included from /cygdrive/D/BanAirBundy/minimal_rtos/FreeRTOS/Source/include/os_cpu.h:12:0,
                 from /cygdrive/D/BanAirBundy/minimal_rtos/FreeRTOS/Source/include/portmacro.h:126,
                 from /cygdrive/D/BanAirBundy/minimal_rtos/FreeRTOS/Source/include/portable.h:329,
                 from /cygdrive/D/BanAirBundy/minimal_rtos/FreeRTOS/Source/include/FreeRTOS.h:115,
                 from ../FreeRTOS/Source/portable/port.c:72:
/cygdrive/D/BanAirBundy/minimal_rtos/FreeRTOS/Source/include/n12_def.h:23:20: warning: inline function 'GIE_DISABLE' declared but never defined
 extern inline void GIE_DISABLE(); //defined @startup interrupt.c
                    ^
/cygdrive/D/BanAirBundy/minimal_rtos/FreeRTOS/Source/include/n12_def.h:22:20: warning: inline function 'GIE_ENABLE' declared but never defined
 extern inline void GIE_ENABLE(); //defined @startup interrupt.c
                    ^
/cygdrive/D/BanAirBundy/minimal_rtos/FreeRTOS/Source/include/n12_def.h:23:20: warning: inline function 'GIE_DISABLE' declared but never defined
 extern inline void GIE_DISABLE(); //defined @startup interrupt.c
                    ^
/cygdrive/D/BanAirBundy/minimal_rtos/FreeRTOS/Source/include/n12_def.h:22:20: warning: inline function 'GIE_ENABLE' declared but never defined
 extern inline void GIE_ENABLE(); //defined @startup interrupt.c
                    ^
Finished building: ../FreeRTOS/Source/portable/port.c
 
Building file: ../FreeRTOS/Source/portable/portISR.c
Invoking: Andes C Compiler
nds32le-elf-gcc -DCFG_APP_CONFIG -DCFG_CHIP_CONFIG -I"/cygdrive/D/BanAirBundy/minimal_rtos" -I"/cygdrive/D/BanAirBundy/minimal_rtos/system_config" -I"/cygdrive/D/BanAirBundy/minimal_rtos/driver/driver_api/inc" -I"/cygdrive/D/BanAirBundy/minimal_rtos/driver/driver/inc" -I"/cygdrive/D/BanAirBundy/minimal_rtos/middleware/mv_utils/inc" -I"/cygdrive/D/BanAirBundy/minimal_rtos/FreeRTOS/Source/include" -I"/cygdrive/D/BanAirBundy/minimal_rtos/startup" -I"/cygdrive/D/BanAirBundy/minimal_rtos/banux" -I"/cygdrive/D/BanAirBundy/minimal_rtos/banux/01_hal_drivers" -I"/cygdrive/D/BanAirBundy/minimal_rtos/banux/01_hal_drivers/adc" -I"/cygdrive/D/BanAirBundy/minimal_rtos/banux/01_hal_drivers/gpio" -I"/cygdrive/D/BanAirBundy/minimal_rtos/banux/01_hal_drivers/spi" -I"/cygdrive/D/BanAirBundy/minimal_rtos/banux/01_hal_drivers/sdio" -I"/cygdrive/D/BanAirBundy/minimal_rtos/banux/01_vfs" -I"/cygdrive/D/BanAirBundy/minimal_rtos/banux/02_device_drivers/flash" -I"/cygdrive/D/BanAirBundy/minimal_rtos/banux/03_driver_framework" -I"/cygdrive/D/BanAirBundy/minimal_rtos/banux/03_driver_framework/core" -I"/cygdrive/D/BanAirBundy/minimal_rtos/banux/03_driver_framework/drivers" -I"/cygdrive/D/BanAirBundy/minimal_rtos/banux/03_driver_framework/event" -I"/cygdrive/D/BanAirBundy/minimal_rtos/banux/04_shell_commands" -I"/cygdrive/D/BanAirBundy/minimal_rtos/banux/05_component" -I"/cygdrive/D/BanAirBundy/minimal_rtos/banux/05_component/firmware_upgrade" -I"/cygdrive/D/BanAirBundy/minimal_rtos/banux/05_component/fat32" -I"/cygdrive/D/BanAirBundy/minimal_rtos/banux/05_component/sys_param" -I"/cygdrive/D/BanAirBundy/minimal_rtos/banux/05_component/sys_state" -I"/cygdrive/D/BanAirBundy/minimal_rtos/banux/05_component/sys_led" -Og -mcmodel=medium -g3 -Wall -mcpu=d1088-spu -c -fmessage-length=0 -ldsp -mext-dsp -std=gnu99 -fsingle-precision-constant -ffunction-sections -fdata-sections -MMD -MP -MF"FreeRTOS/Source/portable/portISR.d" -MT"FreeRTOS/Source/portable/portISR.d FreeRTOS/Source/portable/portISR.o" -o "FreeRTOS/Source/portable/portISR.o" "../FreeRTOS/Source/portable/portISR.c"
In file included from /cygdrive/D/BanAirBundy/minimal_rtos/system_config/app_config.h:4:0,
                 from /cygdrive/D/BanAirBundy/minimal_rtos/FreeRTOS/Source/include/FreeRTOSConfig.h:4,
                 from /cygdrive/D/BanAirBundy/minimal_rtos/FreeRTOS/Source/include/FreeRTOS.h:106,
                 from ../FreeRTOS/Source/portable/portISR.c:68:
/cygdrive/D/BanAirBundy/minimal_rtos/system_config/chip_config.h:44:0: warning: "CFG_CHIP_CONFIG" redefined
 #define CFG_CHIP_CONFIG
 ^
<command-line>:0:0: note: this is the location of the previous definition
In file included from /cygdrive/D/BanAirBundy/minimal_rtos/FreeRTOS/Source/include/os_cpu.h:12:0,
                 from /cygdrive/D/BanAirBundy/minimal_rtos/FreeRTOS/Source/include/portmacro.h:126,
                 from /cygdrive/D/BanAirBundy/minimal_rtos/FreeRTOS/Source/include/portable.h:329,
                 from /cygdrive/D/BanAirBundy/minimal_rtos/FreeRTOS/Source/include/FreeRTOS.h:115,
                 from ../FreeRTOS/Source/portable/portISR.c:68:
/cygdrive/D/BanAirBundy/minimal_rtos/FreeRTOS/Source/include/n12_def.h:23:20: warning: inline function 'GIE_DISABLE' declared but never defined
 extern inline void GIE_DISABLE(); //defined @startup interrupt.c
                    ^
/cygdrive/D/BanAirBundy/minimal_rtos/FreeRTOS/Source/include/n12_def.h:22:20: warning: inline function 'GIE_ENABLE' declared but never defined
 extern inline void GIE_ENABLE(); //defined @startup interrupt.c
                    ^
/cygdrive/D/BanAirBundy/minimal_rtos/FreeRTOS/Source/include/n12_def.h:23:20: warning: inline function 'GIE_DISABLE' declared but never defined
 extern inline void GIE_DISABLE(); //defined @startup interrupt.c
                    ^
/cygdrive/D/BanAirBundy/minimal_rtos/FreeRTOS/Source/include/n12_def.h:22:20: warning: inline function 'GIE_ENABLE' declared but never defined
 extern inline void GIE_ENABLE(); //defined @startup interrupt.c
                    ^
Finished building: ../FreeRTOS/Source/portable/portISR.c
 
Building file: ../banux/01_hal_drivers/adc/audio_setting.c
Invoking: Andes C Compiler
nds32le-elf-gcc -DCFG_APP_CONFIG -DCFG_CHIP_CONFIG -I"/cygdrive/D/BanAirBundy/minimal_rtos" -I"/cygdrive/D/BanAirBundy/minimal_rtos/system_config" -I"/cygdrive/D/BanAirBundy/minimal_rtos/driver/driver_api/inc" -I"/cygdrive/D/BanAirBundy/minimal_rtos/driver/driver/inc" -I"/cygdrive/D/BanAirBundy/minimal_rtos/middleware/mv_utils/inc" -I"/cygdrive/D/BanAirBundy/minimal_rtos/FreeRTOS/Source/include" -I"/cygdrive/D/BanAirBundy/minimal_rtos/startup" -I"/cygdrive/D/BanAirBundy/minimal_rtos/banux" -I"/cygdrive/D/BanAirBundy/minimal_rtos/banux/01_hal_drivers" -I"/cygdrive/D/BanAirBundy/minimal_rtos/banux/01_hal_drivers/adc" -I"/cygdrive/D/BanAirBundy/minimal_rtos/banux/01_hal_drivers/gpio" -I"/cygdrive/D/BanAirBundy/minimal_rtos/banux/01_hal_drivers/spi" -I"/cygdrive/D/BanAirBundy/minimal_rtos/banux/01_hal_drivers/sdio" -I"/cygdrive/D/BanAirBundy/minimal_rtos/banux/01_vfs" -I"/cygdrive/D/BanAirBundy/minimal_rtos/banux/02_device_drivers/flash" -I"/cygdrive/D/BanAirBundy/minimal_rtos/banux/03_driver_framework" -I"/cygdrive/D/BanAirBundy/minimal_rtos/banux/03_driver_framework/core" -I"/cygdrive/D/BanAirBundy/minimal_rtos/banux/03_driver_framework/drivers" -I"/cygdrive/D/BanAirBundy/minimal_rtos/banux/03_driver_framework/event" -I"/cygdrive/D/BanAirBundy/minimal_rtos/banux/04_shell_commands" -I"/cygdrive/D/BanAirBundy/minimal_rtos/banux/05_component" -I"/cygdrive/D/BanAirBundy/minimal_rtos/banux/05_component/firmware_upgrade" -I"/cygdrive/D/BanAirBundy/minimal_rtos/banux/05_component/fat32" -I"/cygdrive/D/BanAirBundy/minimal_rtos/banux/05_component/sys_param" -I"/cygdrive/D/BanAirBundy/minimal_rtos/banux/05_component/sys_state" -I"/cygdrive/D/BanAirBundy/minimal_rtos/banux/05_component/sys_led" -Og -mcmodel=medium -g3 -Wall -mcpu=d1088-spu -c -fmessage-length=0 -ldsp -mext-dsp -std=gnu99 -fsingle-precision-constant -ffunction-sections -fdata-sections -MMD -MP -MF"banux/01_hal_drivers/adc/audio_setting.d" -MT"banux/01_hal_drivers/adc/audio_setting.d banux/01_hal_drivers/adc/audio_setting.o" -o "banux/01_hal_drivers/adc/audio_setting.o" "../banux/01_hal_drivers/adc/audio_setting.c"
In file included from /cygdrive/D/BanAirBundy/minimal_rtos/system_config/app_config.h:4:0,
                 from /cygdrive/D/BanAirBundy/minimal_rtos/middleware/mv_utils/inc/debug.h:32,
                 from ../banux/01_hal_drivers/adc/audio_setting.c:5:
/cygdrive/D/BanAirBundy/minimal_rtos/system_config/chip_config.h:44:0: warning: "CFG_CHIP_CONFIG" redefined
 #define CFG_CHIP_CONFIG
 ^
<command-line>:0:0: note: this is the location of the previous definition
../banux/01_hal_drivers/adc/audio_setting.c:25:14: warning: 'percent_to_db' defined but not used [-Wunused-function]
 static float percent_to_db(uint8_t percent) {
              ^
../banux/01_hal_drivers/adc/audio_setting.c:38:16: warning: 'db_to_percent' defined but not used [-Wunused-function]
 static uint8_t db_to_percent(float db) {
                ^
../banux/01_hal_drivers/adc/audio_setting.c:59:17: warning: 'db_to_vol' defined but not used [-Wunused-function]
 static uint16_t db_to_vol(float db) {
                 ^
../banux/01_hal_drivers/adc/audio_setting.c:82:14: warning: 'vol_to_db' defined but not used [-Wunused-function]
 static float vol_to_db(uint16_t vol) {
              ^
Finished building: ../banux/01_hal_drivers/adc/audio_setting.c
 
Building file: ../banux/01_hal_drivers/psram_heap.c
Invoking: Andes C Compiler
nds32le-elf-gcc -DCFG_APP_CONFIG -DCFG_CHIP_CONFIG -I"/cygdrive/D/BanAirBundy/minimal_rtos" -I"/cygdrive/D/BanAirBundy/minimal_rtos/system_config" -I"/cygdrive/D/BanAirBundy/minimal_rtos/driver/driver_api/inc" -I"/cygdrive/D/BanAirBundy/minimal_rtos/driver/driver/inc" -I"/cygdrive/D/BanAirBundy/minimal_rtos/middleware/mv_utils/inc" -I"/cygdrive/D/BanAirBundy/minimal_rtos/FreeRTOS/Source/include" -I"/cygdrive/D/BanAirBundy/minimal_rtos/startup" -I"/cygdrive/D/BanAirBundy/minimal_rtos/banux" -I"/cygdrive/D/BanAirBundy/minimal_rtos/banux/01_hal_drivers" -I"/cygdrive/D/BanAirBundy/minimal_rtos/banux/01_hal_drivers/adc" -I"/cygdrive/D/BanAirBundy/minimal_rtos/banux/01_hal_drivers/gpio" -I"/cygdrive/D/BanAirBundy/minimal_rtos/banux/01_hal_drivers/spi" -I"/cygdrive/D/BanAirBundy/minimal_rtos/banux/01_hal_drivers/sdio" -I"/cygdrive/D/BanAirBundy/minimal_rtos/banux/01_vfs" -I"/cygdrive/D/BanAirBundy/minimal_rtos/banux/02_device_drivers/flash" -I"/cygdrive/D/BanAirBundy/minimal_rtos/banux/03_driver_framework" -I"/cygdrive/D/BanAirBundy/minimal_rtos/banux/03_driver_framework/core" -I"/cygdrive/D/BanAirBundy/minimal_rtos/banux/03_driver_framework/drivers" -I"/cygdrive/D/BanAirBundy/minimal_rtos/banux/03_driver_framework/event" -I"/cygdrive/D/BanAirBundy/minimal_rtos/banux/04_shell_commands" -I"/cygdrive/D/BanAirBundy/minimal_rtos/banux/05_component" -I"/cygdrive/D/BanAirBundy/minimal_rtos/banux/05_component/firmware_upgrade" -I"/cygdrive/D/BanAirBundy/minimal_rtos/banux/05_component/fat32" -I"/cygdrive/D/BanAirBundy/minimal_rtos/banux/05_component/sys_param" -I"/cygdrive/D/BanAirBundy/minimal_rtos/banux/05_component/sys_state" -I"/cygdrive/D/BanAirBundy/minimal_rtos/banux/05_component/sys_led" -Og -mcmodel=medium -g3 -Wall -mcpu=d1088-spu -c -fmessage-length=0 -ldsp -mext-dsp -std=gnu99 -fsingle-precision-constant -ffunction-sections -fdata-sections -MMD -MP -MF"banux/01_hal_drivers/psram_heap.d" -MT"banux/01_hal_drivers/psram_heap.d banux/01_hal_drivers/psram_heap.o" -o "banux/01_hal_drivers/psram_heap.o" "../banux/01_hal_drivers/psram_heap.c"
Finished building: ../banux/01_hal_drivers/psram_heap.c
 
Building file: ../banux/01_hal_drivers/sdio/hal_sdio.c
Invoking: Andes C Compiler
nds32le-elf-gcc -DCFG_APP_CONFIG -DCFG_CHIP_CONFIG -I"/cygdrive/D/BanAirBundy/minimal_rtos" -I"/cygdrive/D/BanAirBundy/minimal_rtos/system_config" -I"/cygdrive/D/BanAirBundy/minimal_rtos/driver/driver_api/inc" -I"/cygdrive/D/BanAirBundy/minimal_rtos/driver/driver/inc" -I"/cygdrive/D/BanAirBundy/minimal_rtos/middleware/mv_utils/inc" -I"/cygdrive/D/BanAirBundy/minimal_rtos/FreeRTOS/Source/include" -I"/cygdrive/D/BanAirBundy/minimal_rtos/startup" -I"/cygdrive/D/BanAirBundy/minimal_rtos/banux" -I"/cygdrive/D/BanAirBundy/minimal_rtos/banux/01_hal_drivers" -I"/cygdrive/D/BanAirBundy/minimal_rtos/banux/01_hal_drivers/adc" -I"/cygdrive/D/BanAirBundy/minimal_rtos/banux/01_hal_drivers/gpio" -I"/cygdrive/D/BanAirBundy/minimal_rtos/banux/01_hal_drivers/spi" -I"/cygdrive/D/BanAirBundy/minimal_rtos/banux/01_hal_drivers/sdio" -I"/cygdrive/D/BanAirBundy/minimal_rtos/banux/01_vfs" -I"/cygdrive/D/BanAirBundy/minimal_rtos/banux/02_device_drivers/flash" -I"/cygdrive/D/BanAirBundy/minimal_rtos/banux/03_driver_framework" -I"/cygdrive/D/BanAirBundy/minimal_rtos/banux/03_driver_framework/core" -I"/cygdrive/D/BanAirBundy/minimal_rtos/banux/03_driver_framework/drivers" -I"/cygdrive/D/BanAirBundy/minimal_rtos/banux/03_driver_framework/event" -I"/cygdrive/D/BanAirBundy/minimal_rtos/banux/04_shell_commands" -I"/cygdrive/D/BanAirBundy/minimal_rtos/banux/05_component" -I"/cygdrive/D/BanAirBundy/minimal_rtos/banux/05_component/firmware_upgrade" -I"/cygdrive/D/BanAirBundy/minimal_rtos/banux/05_component/fat32" -I"/cygdrive/D/BanAirBundy/minimal_rtos/banux/05_component/sys_param" -I"/cygdrive/D/BanAirBundy/minimal_rtos/banux/05_component/sys_state" -I"/cygdrive/D/BanAirBundy/minimal_rtos/banux/05_component/sys_led" -Og -mcmodel=medium -g3 -Wall -mcpu=d1088-spu -c -fmessage-length=0 -ldsp -mext-dsp -std=gnu99 -fsingle-precision-constant -ffunction-sections -fdata-sections -MMD -MP -MF"banux/01_hal_drivers/sdio/hal_sdio.d" -MT"banux/01_hal_drivers/sdio/hal_sdio.d banux/01_hal_drivers/sdio/hal_sdio.o" -o "banux/01_hal_drivers/sdio/hal_sdio.o" "../banux/01_hal_drivers/sdio/hal_sdio.c"
../banux/01_hal_drivers/sdio/hal_sdio.c: In function 'HAL_SD_ReadBlocks':
../banux/01_hal_drivers/sdio/hal_sdio.c:121:13: warning: implicit declaration of function 'printf' [-Wimplicit-function-declaration]
             DBG("Read block %lu (x%u) failed: %d\n",
             ^
../banux/01_hal_drivers/sdio/hal_sdio.c:11:26: warning: incompatible implicit declaration of built-in function 'printf'
 #define DBG(format, ...) printf("[HAL_SDIO] " format, ##__VA_ARGS__)
                          ^
../banux/01_hal_drivers/sdio/hal_sdio.c:121:13: note: in expansion of macro 'DBG'
             DBG("Read block %lu (x%u) failed: %d\n",
             ^
../banux/01_hal_drivers/sdio/hal_sdio.c: In function 'HAL_SD_WriteBlocks':
../banux/01_hal_drivers/sdio/hal_sdio.c:11:26: warning: incompatible implicit declaration of built-in function 'printf'
 #define DBG(format, ...) printf("[HAL_SDIO] " format, ##__VA_ARGS__)
                          ^
../banux/01_hal_drivers/sdio/hal_sdio.c:166:13: note: in expansion of macro 'DBG'
             DBG("Write block %lu (x%u) failed: %d\n",
             ^
../banux/01_hal_drivers/sdio/hal_sdio.c:174:13: warning: implicit declaration of function 'vTaskDelay' [-Wimplicit-function-declaration]
             vTaskDelay(5);
             ^
Finished building: ../banux/01_hal_drivers/sdio/hal_sdio.c
 
Building file: ../banux/01_vfs/vfs.c
Invoking: Andes C Compiler
nds32le-elf-gcc -DCFG_APP_CONFIG -DCFG_CHIP_CONFIG -I"/cygdrive/D/BanAirBundy/minimal_rtos" -I"/cygdrive/D/BanAirBundy/minimal_rtos/system_config" -I"/cygdrive/D/BanAirBundy/minimal_rtos/driver/driver_api/inc" -I"/cygdrive/D/BanAirBundy/minimal_rtos/driver/driver/inc" -I"/cygdrive/D/BanAirBundy/minimal_rtos/middleware/mv_utils/inc" -I"/cygdrive/D/BanAirBundy/minimal_rtos/FreeRTOS/Source/include" -I"/cygdrive/D/BanAirBundy/minimal_rtos/startup" -I"/cygdrive/D/BanAirBundy/minimal_rtos/banux" -I"/cygdrive/D/BanAirBundy/minimal_rtos/banux/01_hal_drivers" -I"/cygdrive/D/BanAirBundy/minimal_rtos/banux/01_hal_drivers/adc" -I"/cygdrive/D/BanAirBundy/minimal_rtos/banux/01_hal_drivers/gpio" -I"/cygdrive/D/BanAirBundy/minimal_rtos/banux/01_hal_drivers/spi" -I"/cygdrive/D/BanAirBundy/minimal_rtos/banux/01_hal_drivers/sdio" -I"/cygdrive/D/BanAirBundy/minimal_rtos/banux/01_vfs" -I"/cygdrive/D/BanAirBundy/minimal_rtos/banux/02_device_drivers/flash" -I"/cygdrive/D/BanAirBundy/minimal_rtos/banux/03_driver_framework" -I"/cygdrive/D/BanAirBundy/minimal_rtos/banux/03_driver_framework/core" -I"/cygdrive/D/BanAirBundy/minimal_rtos/banux/03_driver_framework/drivers" -I"/cygdrive/D/BanAirBundy/minimal_rtos/banux/03_driver_framework/event" -I"/cygdrive/D/BanAirBundy/minimal_rtos/banux/04_shell_commands" -I"/cygdrive/D/BanAirBundy/minimal_rtos/banux/05_component" -I"/cygdrive/D/BanAirBundy/minimal_rtos/banux/05_component/firmware_upgrade" -I"/cygdrive/D/BanAirBundy/minimal_rtos/banux/05_component/fat32" -I"/cygdrive/D/BanAirBundy/minimal_rtos/banux/05_component/sys_param" -I"/cygdrive/D/BanAirBundy/minimal_rtos/banux/05_component/sys_state" -I"/cygdrive/D/BanAirBundy/minimal_rtos/banux/05_component/sys_led" -Og -mcmodel=medium -g3 -Wall -mcpu=d1088-spu -c -fmessage-length=0 -ldsp -mext-dsp -std=gnu99 -fsingle-precision-constant -ffunction-sections -fdata-sections -MMD -MP -MF"banux/01_vfs/vfs.d" -MT"banux/01_vfs/vfs.d banux/01_vfs/vfs.o" -o "banux/01_vfs/vfs.o" "../banux/01_vfs/vfs.c"
Finished building: ../banux/01_vfs/vfs.c
 
Building file: ../banux/02_device_drivers/flash/BG_FlashMgr.c
Invoking: Andes C Compiler
nds32le-elf-gcc -DCFG_APP_CONFIG -DCFG_CHIP_CONFIG -I"/cygdrive/D/BanAirBundy/minimal_rtos" -I"/cygdrive/D/BanAirBundy/minimal_rtos/system_config" -I"/cygdrive/D/BanAirBundy/minimal_rtos/driver/driver_api/inc" -I"/cygdrive/D/BanAirBundy/minimal_rtos/driver/driver/inc" -I"/cygdrive/D/BanAirBundy/minimal_rtos/middleware/mv_utils/inc" -I"/cygdrive/D/BanAirBundy/minimal_rtos/FreeRTOS/Source/include" -I"/cygdrive/D/BanAirBundy/minimal_rtos/startup" -I"/cygdrive/D/BanAirBundy/minimal_rtos/banux" -I"/cygdrive/D/BanAirBundy/minimal_rtos/banux/01_hal_drivers" -I"/cygdrive/D/BanAirBundy/minimal_rtos/banux/01_hal_drivers/adc" -I"/cygdrive/D/BanAirBundy/minimal_rtos/banux/01_hal_drivers/gpio" -I"/cygdrive/D/BanAirBundy/minimal_rtos/banux/01_hal_drivers/spi" -I"/cygdrive/D/BanAirBundy/minimal_rtos/banux/01_hal_drivers/sdio" -I"/cygdrive/D/BanAirBundy/minimal_rtos/banux/01_vfs" -I"/cygdrive/D/BanAirBundy/minimal_rtos/banux/02_device_drivers/flash" -I"/cygdrive/D/BanAirBundy/minimal_rtos/banux/03_driver_framework" -I"/cygdrive/D/BanAirBundy/minimal_rtos/banux/03_driver_framework/core" -I"/cygdrive/D/BanAirBundy/minimal_rtos/banux/03_driver_framework/drivers" -I"/cygdrive/D/BanAirBundy/minimal_rtos/banux/03_driver_framework/event" -I"/cygdrive/D/BanAirBundy/minimal_rtos/banux/04_shell_commands" -I"/cygdrive/D/BanAirBundy/minimal_rtos/banux/05_component" -I"/cygdrive/D/BanAirBundy/minimal_rtos/banux/05_component/firmware_upgrade" -I"/cygdrive/D/BanAirBundy/minimal_rtos/banux/05_component/fat32" -I"/cygdrive/D/BanAirBundy/minimal_rtos/banux/05_component/sys_param" -I"/cygdrive/D/BanAirBundy/minimal_rtos/banux/05_component/sys_state" -I"/cygdrive/D/BanAirBundy/minimal_rtos/banux/05_component/sys_led" -Og -mcmodel=medium -g3 -Wall -mcpu=d1088-spu -c -fmessage-length=0 -ldsp -mext-dsp -std=gnu99 -fsingle-precision-constant -ffunction-sections -fdata-sections -MMD -MP -MF"banux/02_device_drivers/flash/BG_FlashMgr.d" -MT"banux/02_device_drivers/flash/BG_FlashMgr.d banux/02_device_drivers/flash/BG_FlashMgr.o" -o "banux/02_device_drivers/flash/BG_FlashMgr.o" "../banux/02_device_drivers/flash/BG_FlashMgr.c"
In file included from /cygdrive/D/BanAirBundy/minimal_rtos/system_config/app_config.h:4:0,
                 from /cygdrive/D/BanAirBundy/minimal_rtos/middleware/mv_utils/inc/debug.h:32,
                 from ../banux/02_device_drivers/flash/BG_FlashMgr.c:8:
/cygdrive/D/BanAirBundy/minimal_rtos/system_config/chip_config.h:44:0: warning: "CFG_CHIP_CONFIG" redefined
 #define CFG_CHIP_CONFIG
 ^
<command-line>:0:0: note: this is the location of the previous definition
In file included from ../banux/02_device_drivers/flash/BG_FlashMgr.c:8:0:
/cygdrive/D/BanAirBundy/minimal_rtos/middleware/mv_utils/inc/debug.h:99:0: warning: "DBG" redefined
 #define DBG(format, ...)  printf(format, ##__VA_ARGS__)
 ^
In file included from ../banux/02_device_drivers/flash/flash_devices.h:14:0,
                 from ../banux/02_device_drivers/flash/BG_FlashMgr.c:6:
/cygdrive/D/BanAirBundy/minimal_rtos/banux/banux_config.h:247:0: note: this is the location of the previous definition
 #define DBG(fmt, ...)   printf(fmt, ##__VA_ARGS__)
 ^
../banux/02_device_drivers/flash/BG_FlashMgr.c:29:1: warning: missing braces around initializer [-Wmissing-braces]
 static BG_FlashMgrStatus_t g_flash_status = {0};
 ^
../banux/02_device_drivers/flash/BG_FlashMgr.c:29:1: warning: (near initialization for 'g_flash_status.flash0') [-Wmissing-braces]
../banux/02_device_drivers/flash/BG_FlashMgr.c: In function 'bg_flash_init':
../banux/02_device_drivers/flash/BG_FlashMgr.c:135:5: warning: format '%d' expects argument of type 'int', but argument 4 has type 'long unsigned int' [-Wformat=]
     FLASHMGR_LOG("  Flash0: %s (ID=%d, Size=%dMB)\n",
     ^
../banux/02_device_drivers/flash/BG_FlashMgr.c:135:5: warning: format '%d' expects argument of type 'int', but argument 4 has type 'long unsigned int' [-Wformat=]
../banux/02_device_drivers/flash/BG_FlashMgr.c:139:5: warning: format '%d' expects argument of type 'int', but argument 4 has type 'long unsigned int' [-Wformat=]
     FLASHMGR_LOG("  Flash1: %s (ID=%d, Size=%dMB)\n",
     ^
../banux/02_device_drivers/flash/BG_FlashMgr.c:139:5: warning: format '%d' expects argument of type 'int', but argument 4 has type 'long unsigned int' [-Wformat=]
../banux/02_device_drivers/flash/BG_FlashMgr.c: In function 'bg_flash_read_system':
../banux/02_device_drivers/flash/BG_FlashMgr.c:187:9: warning: format '%X' expects argument of type 'unsigned int', but argument 2 has type 'uint32_t' [-Wformat=]
         FLASHMGR_LOG("System read out of range: offset=0x%X, size=%d\n", offset, size);
         ^
../banux/02_device_drivers/flash/BG_FlashMgr.c:187:9: warning: format '%d' expects argument of type 'int', but argument 3 has type 'uint32_t' [-Wformat=]
../banux/02_device_drivers/flash/BG_FlashMgr.c:187:9: warning: format '%X' expects argument of type 'unsigned int', but argument 2 has type 'uint32_t' [-Wformat=]
../banux/02_device_drivers/flash/BG_FlashMgr.c:187:9: warning: format '%d' expects argument of type 'int', but argument 3 has type 'uint32_t' [-Wformat=]
../banux/02_device_drivers/flash/BG_FlashMgr.c: In function 'bg_flash_write_system':
../banux/02_device_drivers/flash/BG_FlashMgr.c:219:9: warning: format '%X' expects argument of type 'unsigned int', but argument 2 has type 'uint32_t' [-Wformat=]
         FLASHMGR_LOG("System write out of range: offset=0x%X, size=%d\n", offset, size);
         ^
../banux/02_device_drivers/flash/BG_FlashMgr.c:219:9: warning: format '%d' expects argument of type 'int', but argument 3 has type 'uint32_t' [-Wformat=]
../banux/02_device_drivers/flash/BG_FlashMgr.c:219:9: warning: format '%X' expects argument of type 'unsigned int', but argument 2 has type 'uint32_t' [-Wformat=]
../banux/02_device_drivers/flash/BG_FlashMgr.c:219:9: warning: format '%d' expects argument of type 'int', but argument 3 has type 'uint32_t' [-Wformat=]
../banux/02_device_drivers/flash/BG_FlashMgr.c: In function 'bg_flash_read_looper':
../banux/02_device_drivers/flash/BG_FlashMgr.c:282:9: warning: format '%X' expects argument of type 'unsigned int', but argument 2 has type 'uint32_t' [-Wformat=]
         FLASHMGR_LOG("Looper read out of range: offset=0x%X, size=%d\n", offset, size);
         ^
../banux/02_device_drivers/flash/BG_FlashMgr.c:282:9: warning: format '%d' expects argument of type 'int', but argument 3 has type 'uint32_t' [-Wformat=]
../banux/02_device_drivers/flash/BG_FlashMgr.c:282:9: warning: format '%X' expects argument of type 'unsigned int', but argument 2 has type 'uint32_t' [-Wformat=]
../banux/02_device_drivers/flash/BG_FlashMgr.c:282:9: warning: format '%d' expects argument of type 'int', but argument 3 has type 'uint32_t' [-Wformat=]
../banux/02_device_drivers/flash/BG_FlashMgr.c: In function 'bg_flash_write_looper':
../banux/02_device_drivers/flash/BG_FlashMgr.c:314:9: warning: format '%X' expects argument of type 'unsigned int', but argument 2 has type 'uint32_t' [-Wformat=]
         FLASHMGR_LOG("Looper write out of range: offset=0x%X, size=%d\n", offset, size);
         ^
../banux/02_device_drivers/flash/BG_FlashMgr.c:314:9: warning: format '%d' expects argument of type 'int', but argument 3 has type 'uint32_t' [-Wformat=]
../banux/02_device_drivers/flash/BG_FlashMgr.c:314:9: warning: format '%X' expects argument of type 'unsigned int', but argument 2 has type 'uint32_t' [-Wformat=]
../banux/02_device_drivers/flash/BG_FlashMgr.c:314:9: warning: format '%d' expects argument of type 'int', but argument 3 has type 'uint32_t' [-Wformat=]
../banux/02_device_drivers/flash/BG_FlashMgr.c: In function 'bg_flash_erase_looper_all':
../banux/02_device_drivers/flash/BG_FlashMgr.c:412:13: warning: format '%X' expects argument of type 'unsigned int', but argument 2 has type 'uint32_t' [-Wformat=]
             FLASHMGR_LOG("Erase failed at offset 0x%X\n", offset);
             ^
../banux/02_device_drivers/flash/BG_FlashMgr.c:412:13: warning: format '%X' expects argument of type 'unsigned int', but argument 2 has type 'uint32_t' [-Wformat=]
../banux/02_device_drivers/flash/BG_FlashMgr.c:421:13: warning: format '%d' expects argument of type 'int', but argument 2 has type 'long unsigned int' [-Wformat=]
             FLASHMGR_LOG("  Erased %d MB...\n", offset / (1024*1024));
             ^
../banux/02_device_drivers/flash/BG_FlashMgr.c:421:13: warning: format '%d' expects argument of type 'int', but argument 2 has type 'long unsigned int' [-Wformat=]
../banux/02_device_drivers/flash/BG_FlashMgr.c: In function 'bg_flash_read_storage':
../banux/02_device_drivers/flash/BG_FlashMgr.c:448:9: warning: format '%X' expects argument of type 'unsigned int', but argument 2 has type 'uint32_t' [-Wformat=]
         FLASHMGR_LOG("Storage read out of range: offset=0x%X, size=%d\n", offset, size);
         ^
../banux/02_device_drivers/flash/BG_FlashMgr.c:448:9: warning: format '%d' expects argument of type 'int', but argument 3 has type 'uint32_t' [-Wformat=]
../banux/02_device_drivers/flash/BG_FlashMgr.c:448:9: warning: format '%X' expects argument of type 'unsigned int', but argument 2 has type 'uint32_t' [-Wformat=]
../banux/02_device_drivers/flash/BG_FlashMgr.c:448:9: warning: format '%d' expects argument of type 'int', but argument 3 has type 'uint32_t' [-Wformat=]
../banux/02_device_drivers/flash/BG_FlashMgr.c: In function 'bg_flash_write_storage':
../banux/02_device_drivers/flash/BG_FlashMgr.c:480:9: warning: format '%X' expects argument of type 'unsigned int', but argument 2 has type 'uint32_t' [-Wformat=]
         FLASHMGR_LOG("Storage write out of range: offset=0x%X, size=%d\n", offset, size);
         ^
../banux/02_device_drivers/flash/BG_FlashMgr.c:480:9: warning: format '%d' expects argument of type 'int', but argument 3 has type 'uint32_t' [-Wformat=]
../banux/02_device_drivers/flash/BG_FlashMgr.c:480:9: warning: format '%X' expects argument of type 'unsigned int', but argument 2 has type 'uint32_t' [-Wformat=]
../banux/02_device_drivers/flash/BG_FlashMgr.c:480:9: warning: format '%d' expects argument of type 'int', but argument 3 has type 'uint32_t' [-Wformat=]
../banux/02_device_drivers/flash/BG_FlashMgr.c: In function 'bg_flash_print_info':
../banux/02_device_drivers/flash/BG_FlashMgr.c:673:9: warning: format '%d' expects argument of type 'int', but argument 2 has type 'long unsigned int' [-Wformat=]
         DBG("  Total Size: %d MB\n", status.flash0.total_size / (1024*1024));
         ^
../banux/02_device_drivers/flash/BG_FlashMgr.c:673:9: warning: format '%d' expects argument of type 'int', but argument 2 has type 'long unsigned int' [-Wformat=]
../banux/02_device_drivers/flash/BG_FlashMgr.c:674:9: warning: format '%d' expects argument of type 'int', but argument 2 has type 'uint32_t' [-Wformat=]
         DBG("  Error Count: %d\n", status.flash0.error_count);
         ^
../banux/02_device_drivers/flash/BG_FlashMgr.c:674:9: warning: format '%d' expects argument of type 'int', but argument 2 has type 'uint32_t' [-Wformat=]
../banux/02_device_drivers/flash/BG_FlashMgr.c:682:9: warning: format '%d' expects argument of type 'int', but argument 2 has type 'long unsigned int' [-Wformat=]
         DBG("  Total Size: %d MB\n", status.flash1.total_size / (1024*1024));
         ^
../banux/02_device_drivers/flash/BG_FlashMgr.c:682:9: warning: format '%d' expects argument of type 'int', but argument 2 has type 'long unsigned int' [-Wformat=]
../banux/02_device_drivers/flash/BG_FlashMgr.c:683:9: warning: format '%d' expects argument of type 'int', but argument 2 has type 'uint32_t' [-Wformat=]
         DBG("  Error Count: %d\n", status.flash1.error_count);
         ^
../banux/02_device_drivers/flash/BG_FlashMgr.c:683:9: warning: format '%d' expects argument of type 'int', but argument 2 has type 'uint32_t' [-Wformat=]
../banux/02_device_drivers/flash/BG_FlashMgr.c:689:5: warning: format '%d' expects argument of type 'int', but argument 2 has type 'long unsigned int' [-Wformat=]
     DBG("  Looper: %d KB\n", bg_flash_get_looper_free_space() / 1024);
     ^
../banux/02_device_drivers/flash/BG_FlashMgr.c:689:5: warning: format '%d' expects argument of type 'int', but argument 2 has type 'long unsigned int' [-Wformat=]
../banux/02_device_drivers/flash/BG_FlashMgr.c:690:5: warning: format '%d' expects argument of type 'int', but argument 2 has type 'long unsigned int' [-Wformat=]
     DBG("  Storage: %d KB\n", bg_flash_get_storage_free_space() / 1024);
     ^
../banux/02_device_drivers/flash/BG_FlashMgr.c:690:5: warning: format '%d' expects argument of type 'int', but argument 2 has type 'long unsigned int' [-Wformat=]
../banux/02_device_drivers/flash/BG_FlashMgr.c: In function 'bg_flash_format':
../banux/02_device_drivers/flash/BG_FlashMgr.c:718:9: warning: format '%d' expects argument of type 'int', but argument 2 has type 'int32_t' [-Wformat=]
         FLASHMGR_LOG("Format failed: %d\n", ret);
         ^
../banux/02_device_drivers/flash/BG_FlashMgr.c:718:9: warning: format '%d' expects argument of type 'int', but argument 2 has type 'int32_t' [-Wformat=]
In file included from /cygdrive/D/BanAirBundy/minimal_rtos/FreeRTOS/Source/include/os_cpu.h:12:0,
                 from /cygdrive/D/BanAirBundy/minimal_rtos/FreeRTOS/Source/include/portmacro.h:126,
                 from /cygdrive/D/BanAirBundy/minimal_rtos/FreeRTOS/Source/include/portable.h:329,
                 from /cygdrive/D/BanAirBundy/minimal_rtos/FreeRTOS/Source/include/FreeRTOS.h:115,
                 from /cygdrive/D/BanAirBundy/minimal_rtos/banux/rtos_api.h:9,
                 from ../banux/02_device_drivers/flash/BG_FlashMgr.c:9:
../banux/02_device_drivers/flash/BG_FlashMgr.c: At top level:
/cygdrive/D/BanAirBundy/minimal_rtos/FreeRTOS/Source/include/n12_def.h:23:20: warning: inline function 'GIE_DISABLE' declared but never defined
 extern inline void GIE_DISABLE(); //defined @startup interrupt.c
                    ^
/cygdrive/D/BanAirBundy/minimal_rtos/FreeRTOS/Source/include/n12_def.h:22:20: warning: inline function 'GIE_ENABLE' declared but never defined
 extern inline void GIE_ENABLE(); //defined @startup interrupt.c
                    ^
/cygdrive/D/BanAirBundy/minimal_rtos/FreeRTOS/Source/include/n12_def.h:23:20: warning: inline function 'GIE_DISABLE' declared but never defined
 extern inline void GIE_DISABLE(); //defined @startup interrupt.c
                    ^
/cygdrive/D/BanAirBundy/minimal_rtos/FreeRTOS/Source/include/n12_def.h:22:20: warning: inline function 'GIE_ENABLE' declared but never defined
 extern inline void GIE_ENABLE(); //defined @startup interrupt.c
                    ^
Finished building: ../banux/02_device_drivers/flash/BG_FlashMgr.c
 
Building file: ../banux/02_device_drivers/flash/bg_flash_manager.c
Invoking: Andes C Compiler
nds32le-elf-gcc -DCFG_APP_CONFIG -DCFG_CHIP_CONFIG -I"/cygdrive/D/BanAirBundy/minimal_rtos" -I"/cygdrive/D/BanAirBundy/minimal_rtos/system_config" -I"/cygdrive/D/BanAirBundy/minimal_rtos/driver/driver_api/inc" -I"/cygdrive/D/BanAirBundy/minimal_rtos/driver/driver/inc" -I"/cygdrive/D/BanAirBundy/minimal_rtos/middleware/mv_utils/inc" -I"/cygdrive/D/BanAirBundy/minimal_rtos/FreeRTOS/Source/include" -I"/cygdrive/D/BanAirBundy/minimal_rtos/startup" -I"/cygdrive/D/BanAirBundy/minimal_rtos/banux" -I"/cygdrive/D/BanAirBundy/minimal_rtos/banux/01_hal_drivers" -I"/cygdrive/D/BanAirBundy/minimal_rtos/banux/01_hal_drivers/adc" -I"/cygdrive/D/BanAirBundy/minimal_rtos/banux/01_hal_drivers/gpio" -I"/cygdrive/D/BanAirBundy/minimal_rtos/banux/01_hal_drivers/spi" -I"/cygdrive/D/BanAirBundy/minimal_rtos/banux/01_hal_drivers/sdio" -I"/cygdrive/D/BanAirBundy/minimal_rtos/banux/01_vfs" -I"/cygdrive/D/BanAirBundy/minimal_rtos/banux/02_device_drivers/flash" -I"/cygdrive/D/BanAirBundy/minimal_rtos/banux/03_driver_framework" -I"/cygdrive/D/BanAirBundy/minimal_rtos/banux/03_driver_framework/core" -I"/cygdrive/D/BanAirBundy/minimal_rtos/banux/03_driver_framework/drivers" -I"/cygdrive/D/BanAirBundy/minimal_rtos/banux/03_driver_framework/event" -I"/cygdrive/D/BanAirBundy/minimal_rtos/banux/04_shell_commands" -I"/cygdrive/D/BanAirBundy/minimal_rtos/banux/05_component" -I"/cygdrive/D/BanAirBundy/minimal_rtos/banux/05_component/firmware_upgrade" -I"/cygdrive/D/BanAirBundy/minimal_rtos/banux/05_component/fat32" -I"/cygdrive/D/BanAirBundy/minimal_rtos/banux/05_component/sys_param" -I"/cygdrive/D/BanAirBundy/minimal_rtos/banux/05_component/sys_state" -I"/cygdrive/D/BanAirBundy/minimal_rtos/banux/05_component/sys_led" -Og -mcmodel=medium -g3 -Wall -mcpu=d1088-spu -c -fmessage-length=0 -ldsp -mext-dsp -std=gnu99 -fsingle-precision-constant -ffunction-sections -fdata-sections -MMD -MP -MF"banux/02_device_drivers/flash/bg_flash_manager.d" -MT"banux/02_device_drivers/flash/bg_flash_manager.d banux/02_device_drivers/flash/bg_flash_manager.o" -o "banux/02_device_drivers/flash/bg_flash_manager.o" "../banux/02_device_drivers/flash/bg_flash_manager.c"
In file included from ../banux/02_device_drivers/flash/bg_flash_manager.c:1:0:
../banux/02_device_drivers/flash/bg_flash_manager.h:40:1: warning: multi-line comment [-Wcomment]
 //#define FLASH_HOLD_INIT()      GPIO_RegOneBitClear(GPIO_A_IE, GPIOA22);\
 ^
In file included from /cygdrive/D/BanAirBundy/minimal_rtos/system_config/app_config.h:4:0,
                 from /cygdrive/D/BanAirBundy/minimal_rtos/middleware/mv_utils/inc/debug.h:32,
                 from ../banux/02_device_drivers/flash/bg_flash_manager.c:4:
/cygdrive/D/BanAirBundy/minimal_rtos/system_config/chip_config.h:44:0: warning: "CFG_CHIP_CONFIG" redefined
 #define CFG_CHIP_CONFIG
 ^
<command-line>:0:0: note: this is the location of the previous definition
../banux/02_device_drivers/flash/bg_flash_manager.c:78:1: warning: missing braces around initializer [-Wmissing-braces]
 static BadBlockManager bad_block_manager = {0};
 ^
../banux/02_device_drivers/flash/bg_flash_manager.c:78:1: warning: (near initialization for 'bad_block_manager.table') [-Wmissing-braces]
../banux/02_device_drivers/flash/bg_flash_manager.c: In function 'flash_GetTotalByte':
../banux/02_device_drivers/flash/bg_flash_manager.c:193:40: warning: integer overflow in expression [-Woverflow]
                 capacity = 2048 * 1024 * 1024; // 2 Gbit (W25N02)
                                        ^
../banux/02_device_drivers/flash/bg_flash_manager.c: In function 'Windbond_GetCapacity':
../banux/02_device_drivers/flash/bg_flash_manager.c:237:36: warning: integer overflow in expression [-Woverflow]
             capacity = 2048 * 1024 * 1024; // 2 Gbit (W25N02)
                                    ^
../banux/02_device_drivers/flash/bg_flash_manager.c: In function 'flash_GetRemainingCapacity':
../banux/02_device_drivers/flash/bg_flash_manager.c:270:5: warning: format '%d' expects argument of type 'int', but argument 2 has type 'long unsigned int' [-Wformat=]
     DBG("Total is:%d KByte,Remain is:%d KByte\n",(Windbond_GetCapacity(deviceID,dev)/SECTOR_SIZE)*4,remainingCapacity*4);
     ^
../banux/02_device_drivers/flash/bg_flash_manager.c:270:5: warning: format '%d' expects argument of type 'int', but argument 3 has type 'long unsigned int' [-Wformat=]
../banux/02_device_drivers/flash/bg_flash_manager.c:270:5: warning: format '%d' expects argument of type 'int', but argument 2 has type 'long unsigned int' [-Wformat=]
../banux/02_device_drivers/flash/bg_flash_manager.c:270:5: warning: format '%d' expects argument of type 'int', but argument 3 has type 'long unsigned int' [-Wformat=]
../banux/02_device_drivers/flash/bg_flash_manager.c: In function 'flash_test_w25n02_registers':
../banux/02_device_drivers/flash/bg_flash_manager.c:539:4: warning: format '%d' expects argument of type 'int', but argument 2 has type 'uint32_t' [-Wformat=]
    DBG("%d ", bad_block_manager.table.bad_blocks[i]);
    ^
../banux/02_device_drivers/flash/bg_flash_manager.c:539:4: warning: format '%d' expects argument of type 'int', but argument 2 has type 'uint32_t' [-Wformat=]
../banux/02_device_drivers/flash/bg_flash_manager.c:446:51: warning: unused variable 'config' [-Wunused-variable]
  uint8_t mfg, type, dev, nand_status, protection, config;
                                                   ^
../banux/02_device_drivers/flash/bg_flash_manager.c:446:39: warning: unused variable 'protection' [-Wunused-variable]
  uint8_t mfg, type, dev, nand_status, protection, config;
                                       ^
../banux/02_device_drivers/flash/bg_flash_manager.c:446:26: warning: unused variable 'nand_status' [-Wunused-variable]
  uint8_t mfg, type, dev, nand_status, protection, config;
                          ^
../banux/02_device_drivers/flash/bg_flash_manager.c: In function 'bad_block_manager_init':
../banux/02_device_drivers/flash/bg_flash_manager.c:610:5: warning: format '%X' expects argument of type 'unsigned int', but argument 2 has type 'uint32_t' [-Wformat=]
     DBG("Total Flash size: 0x%08X bytes\n", total_size);
     ^
../banux/02_device_drivers/flash/bg_flash_manager.c:610:5: warning: format '%X' expects argument of type 'unsigned int', but argument 2 has type 'uint32_t' [-Wformat=]
../banux/02_device_drivers/flash/bg_flash_manager.c:611:5: warning: format '%X' expects argument of type 'unsigned int', but argument 2 has type 'uint32_t' [-Wformat=]
     DBG("Bad block table stored at: 0x%08X\n", bad_block_manager.table_address);
     ^
../banux/02_device_drivers/flash/bg_flash_manager.c:611:5: warning: format '%X' expects argument of type 'unsigned int', but argument 2 has type 'uint32_t' [-Wformat=]
../banux/02_device_drivers/flash/bg_flash_manager.c: In function 'mark_block_as_bad':
../banux/02_device_drivers/flash/bg_flash_manager.c:674:9: warning: format '%d' expects argument of type 'int', but argument 2 has type 'uint32_t' [-Wformat=]
         DBG("Cannot mark block %d as bad - bad block table is full\n", block_address);
         ^
../banux/02_device_drivers/flash/bg_flash_manager.c:674:9: warning: format '%d' expects argument of type 'int', but argument 2 has type 'uint32_t' [-Wformat=]
../banux/02_device_drivers/flash/bg_flash_manager.c:680:5: warning: format '%d' expects argument of type 'int', but argument 2 has type 'uint32_t' [-Wformat=]
     DBG("Block %d marked as bad\n", block_address);
     ^
../banux/02_device_drivers/flash/bg_flash_manager.c:680:5: warning: format '%d' expects argument of type 'int', but argument 2 has type 'uint32_t' [-Wformat=]
../banux/02_device_drivers/flash/bg_flash_manager.c: In function 'flash_ReadStatusReg':
../banux/02_device_drivers/flash/bg_flash_manager.c:314:5: warning: 'data' may be used uninitialized in this function [-Wmaybe-uninitialized]
     return data;
     ^
Finished building: ../banux/02_device_drivers/flash/bg_flash_manager.c
 
Building file: ../banux/02_device_drivers/flash/flash_bus.c
Invoking: Andes C Compiler
nds32le-elf-gcc -DCFG_APP_CONFIG -DCFG_CHIP_CONFIG -I"/cygdrive/D/BanAirBundy/minimal_rtos" -I"/cygdrive/D/BanAirBundy/minimal_rtos/system_config" -I"/cygdrive/D/BanAirBundy/minimal_rtos/driver/driver_api/inc" -I"/cygdrive/D/BanAirBundy/minimal_rtos/driver/driver/inc" -I"/cygdrive/D/BanAirBundy/minimal_rtos/middleware/mv_utils/inc" -I"/cygdrive/D/BanAirBundy/minimal_rtos/FreeRTOS/Source/include" -I"/cygdrive/D/BanAirBundy/minimal_rtos/startup" -I"/cygdrive/D/BanAirBundy/minimal_rtos/banux" -I"/cygdrive/D/BanAirBundy/minimal_rtos/banux/01_hal_drivers" -I"/cygdrive/D/BanAirBundy/minimal_rtos/banux/01_hal_drivers/adc" -I"/cygdrive/D/BanAirBundy/minimal_rtos/banux/01_hal_drivers/gpio" -I"/cygdrive/D/BanAirBundy/minimal_rtos/banux/01_hal_drivers/spi" -I"/cygdrive/D/BanAirBundy/minimal_rtos/banux/01_hal_drivers/sdio" -I"/cygdrive/D/BanAirBundy/minimal_rtos/banux/01_vfs" -I"/cygdrive/D/BanAirBundy/minimal_rtos/banux/02_device_drivers/flash" -I"/cygdrive/D/BanAirBundy/minimal_rtos/banux/03_driver_framework" -I"/cygdrive/D/BanAirBundy/minimal_rtos/banux/03_driver_framework/core" -I"/cygdrive/D/BanAirBundy/minimal_rtos/banux/03_driver_framework/drivers" -I"/cygdrive/D/BanAirBundy/minimal_rtos/banux/03_driver_framework/event" -I"/cygdrive/D/BanAirBundy/minimal_rtos/banux/04_shell_commands" -I"/cygdrive/D/BanAirBundy/minimal_rtos/banux/05_component" -I"/cygdrive/D/BanAirBundy/minimal_rtos/banux/05_component/firmware_upgrade" -I"/cygdrive/D/BanAirBundy/minimal_rtos/banux/05_component/fat32" -I"/cygdrive/D/BanAirBundy/minimal_rtos/banux/05_component/sys_param" -I"/cygdrive/D/BanAirBundy/minimal_rtos/banux/05_component/sys_state" -I"/cygdrive/D/BanAirBundy/minimal_rtos/banux/05_component/sys_led" -Og -mcmodel=medium -g3 -Wall -mcpu=d1088-spu -c -fmessage-length=0 -ldsp -mext-dsp -std=gnu99 -fsingle-precision-constant -ffunction-sections -fdata-sections -MMD -MP -MF"banux/02_device_drivers/flash/flash_bus.d" -MT"banux/02_device_drivers/flash/flash_bus.d banux/02_device_drivers/flash/flash_bus.o" -o "banux/02_device_drivers/flash/flash_bus.o" "../banux/02_device_drivers/flash/flash_bus.c"
In file included from /cygdrive/D/BanAirBundy/minimal_rtos/system_config/app_config.h:4:0,
                 from /cygdrive/D/BanAirBundy/minimal_rtos/middleware/mv_utils/inc/debug.h:32,
                 from ../banux/02_device_drivers/flash/flash_bus.c:6:
/cygdrive/D/BanAirBundy/minimal_rtos/system_config/chip_config.h:44:0: warning: "CFG_CHIP_CONFIG" redefined
 #define CFG_CHIP_CONFIG
 ^
<command-line>:0:0: note: this is the location of the previous definition
../banux/02_device_drivers/flash/flash_bus.c: In function 'FlashDev_PrintInfo':
../banux/02_device_drivers/flash/flash_bus.c:301:9: warning: format '%d' expects argument of type 'int', but argument 2 has type 'long unsigned int' [-Wformat=]
         DBG("      Size: %d KB (%d MB)\n",
         ^
../banux/02_device_drivers/flash/flash_bus.c:301:9: warning: format '%d' expects argument of type 'int', but argument 3 has type 'long unsigned int' [-Wformat=]
../banux/02_device_drivers/flash/flash_bus.c:301:9: warning: format '%d' expects argument of type 'int', but argument 2 has type 'long unsigned int' [-Wformat=]
../banux/02_device_drivers/flash/flash_bus.c:301:9: warning: format '%d' expects argument of type 'int', but argument 3 has type 'long unsigned int' [-Wformat=]
../banux/02_device_drivers/flash/flash_bus.c:304:9: warning: format '%d' expects argument of type 'int', but argument 2 has type 'uint32_t' [-Wformat=]
         DBG("      Page: %d B, Sector: %d KB, Block: %d KB\n",
         ^
../banux/02_device_drivers/flash/flash_bus.c:304:9: warning: format '%d' expects argument of type 'int', but argument 3 has type 'long unsigned int' [-Wformat=]
../banux/02_device_drivers/flash/flash_bus.c:304:9: warning: format '%d' expects argument of type 'int', but argument 4 has type 'long unsigned int' [-Wformat=]
../banux/02_device_drivers/flash/flash_bus.c:304:9: warning: format '%d' expects argument of type 'int', but argument 2 has type 'uint32_t' [-Wformat=]
../banux/02_device_drivers/flash/flash_bus.c:304:9: warning: format '%d' expects argument of type 'int', but argument 3 has type 'long unsigned int' [-Wformat=]
../banux/02_device_drivers/flash/flash_bus.c:304:9: warning: format '%d' expects argument of type 'int', but argument 4 has type 'long unsigned int' [-Wformat=]
../banux/02_device_drivers/flash/flash_bus.c: In function 'FlashBus_TestDevice':
../banux/02_device_drivers/flash/flash_bus.c:361:5: warning: format '%X' expects argument of type 'unsigned int', but argument 2 has type 'uint32_t' [-Wformat=]
     DBG("Erasing sector at 0x%06X...\n", test_addr);
     ^
../banux/02_device_drivers/flash/flash_bus.c:361:5: warning: format '%X' expects argument of type 'unsigned int', but argument 2 has type 'uint32_t' [-Wformat=]
../banux/02_device_drivers/flash/flash_bus.c: In function 'FlashBus_ShellCmd':
../banux/02_device_drivers/flash/flash_bus.c:460:9: warning: implicit declaration of function 'atoi' [-Wimplicit-function-declaration]
         uint8_t id = atoi(argv[1]);
         ^
../banux/02_device_drivers/flash/flash_bus.c:517:9: warning: implicit declaration of function 'strtoul' [-Wimplicit-function-declaration]
         uint32_t addr = strtoul(argv[2], NULL, 0);
         ^
../banux/02_device_drivers/flash/flash_bus.c:538:9: warning: format '%d' expects argument of type 'int', but argument 2 has type 'uint32_t' [-Wformat=]
         DBG("Read %d bytes from 0x%06X:\n", len, addr);
         ^
../banux/02_device_drivers/flash/flash_bus.c:538:9: warning: format '%X' expects argument of type 'unsigned int', but argument 3 has type 'uint32_t' [-Wformat=]
../banux/02_device_drivers/flash/flash_bus.c:538:9: warning: format '%d' expects argument of type 'int', but argument 2 has type 'uint32_t' [-Wformat=]
../banux/02_device_drivers/flash/flash_bus.c:538:9: warning: format '%X' expects argument of type 'unsigned int', but argument 3 has type 'uint32_t' [-Wformat=]
../banux/02_device_drivers/flash/flash_bus.c:542:17: warning: format '%X' expects argument of type 'unsigned int', but argument 2 has type 'uint32_t' [-Wformat=]
                 DBG("%06X: ", addr + i);
                 ^
../banux/02_device_drivers/flash/flash_bus.c:542:17: warning: format '%X' expects argument of type 'unsigned int', but argument 2 has type 'uint32_t' [-Wformat=]
../banux/02_device_drivers/flash/flash_bus.c:571:9: warning: format '%X' expects argument of type 'unsigned int', but argument 2 has type 'uint32_t' [-Wformat=]
         DBG("Erasing sector at 0x%06X...\n", addr);
         ^
../banux/02_device_drivers/flash/flash_bus.c:571:9: warning: format '%X' expects argument of type 'unsigned int', but argument 2 has type 'uint32_t' [-Wformat=]
Finished building: ../banux/02_device_drivers/flash/flash_bus.c
 
Building file: ../banux/02_device_drivers/flash/flash_devices.c
Invoking: Andes C Compiler
nds32le-elf-gcc -DCFG_APP_CONFIG -DCFG_CHIP_CONFIG -I"/cygdrive/D/BanAirBundy/minimal_rtos" -I"/cygdrive/D/BanAirBundy/minimal_rtos/system_config" -I"/cygdrive/D/BanAirBundy/minimal_rtos/driver/driver_api/inc" -I"/cygdrive/D/BanAirBundy/minimal_rtos/driver/driver/inc" -I"/cygdrive/D/BanAirBundy/minimal_rtos/middleware/mv_utils/inc" -I"/cygdrive/D/BanAirBundy/minimal_rtos/FreeRTOS/Source/include" -I"/cygdrive/D/BanAirBundy/minimal_rtos/startup" -I"/cygdrive/D/BanAirBundy/minimal_rtos/banux" -I"/cygdrive/D/BanAirBundy/minimal_rtos/banux/01_hal_drivers" -I"/cygdrive/D/BanAirBundy/minimal_rtos/banux/01_hal_drivers/adc" -I"/cygdrive/D/BanAirBundy/minimal_rtos/banux/01_hal_drivers/gpio" -I"/cygdrive/D/BanAirBundy/minimal_rtos/banux/01_hal_drivers/spi" -I"/cygdrive/D/BanAirBundy/minimal_rtos/banux/01_hal_drivers/sdio" -I"/cygdrive/D/BanAirBundy/minimal_rtos/banux/01_vfs" -I"/cygdrive/D/BanAirBundy/minimal_rtos/banux/02_device_drivers/flash" -I"/cygdrive/D/BanAirBundy/minimal_rtos/banux/03_driver_framework" -I"/cygdrive/D/BanAirBundy/minimal_rtos/banux/03_driver_framework/core" -I"/cygdrive/D/BanAirBundy/minimal_rtos/banux/03_driver_framework/drivers" -I"/cygdrive/D/BanAirBundy/minimal_rtos/banux/03_driver_framework/event" -I"/cygdrive/D/BanAirBundy/minimal_rtos/banux/04_shell_commands" -I"/cygdrive/D/BanAirBundy/minimal_rtos/banux/05_component" -I"/cygdrive/D/BanAirBundy/minimal_rtos/banux/05_component/firmware_upgrade" -I"/cygdrive/D/BanAirBundy/minimal_rtos/banux/05_component/fat32" -I"/cygdrive/D/BanAirBundy/minimal_rtos/banux/05_component/sys_param" -I"/cygdrive/D/BanAirBundy/minimal_rtos/banux/05_component/sys_state" -I"/cygdrive/D/BanAirBundy/minimal_rtos/banux/05_component/sys_led" -Og -mcmodel=medium -g3 -Wall -mcpu=d1088-spu -c -fmessage-length=0 -ldsp -mext-dsp -std=gnu99 -fsingle-precision-constant -ffunction-sections -fdata-sections -MMD -MP -MF"banux/02_device_drivers/flash/flash_devices.d" -MT"banux/02_device_drivers/flash/flash_devices.d banux/02_device_drivers/flash/flash_devices.o" -o "banux/02_device_drivers/flash/flash_devices.o" "../banux/02_device_drivers/flash/flash_devices.c"
In file included from /cygdrive/D/BanAirBundy/minimal_rtos/system_config/app_config.h:4:0,
                 from /cygdrive/D/BanAirBundy/minimal_rtos/middleware/mv_utils/inc/debug.h:32,
                 from ../banux/02_device_drivers/flash/flash_devices.c:9:
/cygdrive/D/BanAirBundy/minimal_rtos/system_config/chip_config.h:44:0: warning: "CFG_CHIP_CONFIG" redefined
 #define CFG_CHIP_CONFIG
 ^
<command-line>:0:0: note: this is the location of the previous definition
In file included from ../banux/02_device_drivers/flash/flash_devices.c:9:0:
/cygdrive/D/BanAirBundy/minimal_rtos/middleware/mv_utils/inc/debug.h:99:0: warning: "DBG" redefined
 #define DBG(format, ...)  printf(format, ##__VA_ARGS__)
 ^
In file included from ../banux/02_device_drivers/flash/flash_devices.h:14:0,
                 from ../banux/02_device_drivers/flash/flash_devices.c:5:
/cygdrive/D/BanAirBundy/minimal_rtos/banux/banux_config.h:247:0: note: this is the location of the previous definition
 #define DBG(fmt, ...)   printf(fmt, ##__VA_ARGS__)
 ^
../banux/02_device_drivers/flash/flash_devices.c: In function 'FlashDevices_Init':
../banux/02_device_drivers/flash/flash_devices.c:122:19: warning: unused variable 'ret' [-Wunused-variable]
     FlashStatus_t ret;
                   ^
Finished building: ../banux/02_device_drivers/flash/flash_devices.c
 
Building file: ../banux/02_device_drivers/flash/flash_driver.c
Invoking: Andes C Compiler
nds32le-elf-gcc -DCFG_APP_CONFIG -DCFG_CHIP_CONFIG -I"/cygdrive/D/BanAirBundy/minimal_rtos" -I"/cygdrive/D/BanAirBundy/minimal_rtos/system_config" -I"/cygdrive/D/BanAirBundy/minimal_rtos/driver/driver_api/inc" -I"/cygdrive/D/BanAirBundy/minimal_rtos/driver/driver/inc" -I"/cygdrive/D/BanAirBundy/minimal_rtos/middleware/mv_utils/inc" -I"/cygdrive/D/BanAirBundy/minimal_rtos/FreeRTOS/Source/include" -I"/cygdrive/D/BanAirBundy/minimal_rtos/startup" -I"/cygdrive/D/BanAirBundy/minimal_rtos/banux" -I"/cygdrive/D/BanAirBundy/minimal_rtos/banux/01_hal_drivers" -I"/cygdrive/D/BanAirBundy/minimal_rtos/banux/01_hal_drivers/adc" -I"/cygdrive/D/BanAirBundy/minimal_rtos/banux/01_hal_drivers/gpio" -I"/cygdrive/D/BanAirBundy/minimal_rtos/banux/01_hal_drivers/spi" -I"/cygdrive/D/BanAirBundy/minimal_rtos/banux/01_hal_drivers/sdio" -I"/cygdrive/D/BanAirBundy/minimal_rtos/banux/01_vfs" -I"/cygdrive/D/BanAirBundy/minimal_rtos/banux/02_device_drivers/flash" -I"/cygdrive/D/BanAirBundy/minimal_rtos/banux/03_driver_framework" -I"/cygdrive/D/BanAirBundy/minimal_rtos/banux/03_driver_framework/core" -I"/cygdrive/D/BanAirBundy/minimal_rtos/banux/03_driver_framework/drivers" -I"/cygdrive/D/BanAirBundy/minimal_rtos/banux/03_driver_framework/event" -I"/cygdrive/D/BanAirBundy/minimal_rtos/banux/04_shell_commands" -I"/cygdrive/D/BanAirBundy/minimal_rtos/banux/05_component" -I"/cygdrive/D/BanAirBundy/minimal_rtos/banux/05_component/firmware_upgrade" -I"/cygdrive/D/BanAirBundy/minimal_rtos/banux/05_component/fat32" -I"/cygdrive/D/BanAirBundy/minimal_rtos/banux/05_component/sys_param" -I"/cygdrive/D/BanAirBundy/minimal_rtos/banux/05_component/sys_state" -I"/cygdrive/D/BanAirBundy/minimal_rtos/banux/05_component/sys_led" -Og -mcmodel=medium -g3 -Wall -mcpu=d1088-spu -c -fmessage-length=0 -ldsp -mext-dsp -std=gnu99 -fsingle-precision-constant -ffunction-sections -fdata-sections -MMD -MP -MF"banux/02_device_drivers/flash/flash_driver.d" -MT"banux/02_device_drivers/flash/flash_driver.d banux/02_device_drivers/flash/flash_driver.o" -o "banux/02_device_drivers/flash/flash_driver.o" "../banux/02_device_drivers/flash/flash_driver.c"
In file included from /cygdrive/D/BanAirBundy/minimal_rtos/system_config/app_config.h:4:0,
                 from /cygdrive/D/BanAirBundy/minimal_rtos/middleware/mv_utils/inc/debug.h:32,
                 from ../banux/02_device_drivers/flash/flash_driver.c:11:
/cygdrive/D/BanAirBundy/minimal_rtos/system_config/chip_config.h:44:0: warning: "CFG_CHIP_CONFIG" redefined
 #define CFG_CHIP_CONFIG
 ^
<command-line>:0:0: note: this is the location of the previous definition
../banux/02_device_drivers/flash/flash_driver.c: In function 'nor_init':
../banux/02_device_drivers/flash/flash_driver.c:137:5: warning: format '%d' expects argument of type 'int', but argument 6 has type 'long unsigned int' [-Wformat=]
     DBG("NOR Flash #%d Init: Mfg=0x%02X Type=0x%02X Dev=0x%02X Size=%dMB\n",
     ^
../banux/02_device_drivers/flash/flash_driver.c:137:5: warning: format '%d' expects argument of type 'int', but argument 6 has type 'long unsigned int' [-Wformat=]
../banux/02_device_drivers/flash/flash_driver.c: At top level:
../banux/02_device_drivers/flash/flash_driver.c:85:13: warning: 'nor_write_disable' defined but not used [-Wunused-function]
 static void nor_write_disable(FlashDriver_t *drv)
             ^
Finished building: ../banux/02_device_drivers/flash/flash_driver.c
 
Building file: ../banux/02_device_drivers/flash/flash_manager.c
Invoking: Andes C Compiler
nds32le-elf-gcc -DCFG_APP_CONFIG -DCFG_CHIP_CONFIG -I"/cygdrive/D/BanAirBundy/minimal_rtos" -I"/cygdrive/D/BanAirBundy/minimal_rtos/system_config" -I"/cygdrive/D/BanAirBundy/minimal_rtos/driver/driver_api/inc" -I"/cygdrive/D/BanAirBundy/minimal_rtos/driver/driver/inc" -I"/cygdrive/D/BanAirBundy/minimal_rtos/middleware/mv_utils/inc" -I"/cygdrive/D/BanAirBundy/minimal_rtos/FreeRTOS/Source/include" -I"/cygdrive/D/BanAirBundy/minimal_rtos/startup" -I"/cygdrive/D/BanAirBundy/minimal_rtos/banux" -I"/cygdrive/D/BanAirBundy/minimal_rtos/banux/01_hal_drivers" -I"/cygdrive/D/BanAirBundy/minimal_rtos/banux/01_hal_drivers/adc" -I"/cygdrive/D/BanAirBundy/minimal_rtos/banux/01_hal_drivers/gpio" -I"/cygdrive/D/BanAirBundy/minimal_rtos/banux/01_hal_drivers/spi" -I"/cygdrive/D/BanAirBundy/minimal_rtos/banux/01_hal_drivers/sdio" -I"/cygdrive/D/BanAirBundy/minimal_rtos/banux/01_vfs" -I"/cygdrive/D/BanAirBundy/minimal_rtos/banux/02_device_drivers/flash" -I"/cygdrive/D/BanAirBundy/minimal_rtos/banux/03_driver_framework" -I"/cygdrive/D/BanAirBundy/minimal_rtos/banux/03_driver_framework/core" -I"/cygdrive/D/BanAirBundy/minimal_rtos/banux/03_driver_framework/drivers" -I"/cygdrive/D/BanAirBundy/minimal_rtos/banux/03_driver_framework/event" -I"/cygdrive/D/BanAirBundy/minimal_rtos/banux/04_shell_commands" -I"/cygdrive/D/BanAirBundy/minimal_rtos/banux/05_component" -I"/cygdrive/D/BanAirBundy/minimal_rtos/banux/05_component/firmware_upgrade" -I"/cygdrive/D/BanAirBundy/minimal_rtos/banux/05_component/fat32" -I"/cygdrive/D/BanAirBundy/minimal_rtos/banux/05_component/sys_param" -I"/cygdrive/D/BanAirBundy/minimal_rtos/banux/05_component/sys_state" -I"/cygdrive/D/BanAirBundy/minimal_rtos/banux/05_component/sys_led" -Og -mcmodel=medium -g3 -Wall -mcpu=d1088-spu -c -fmessage-length=0 -ldsp -mext-dsp -std=gnu99 -fsingle-precision-constant -ffunction-sections -fdata-sections -MMD -MP -MF"banux/02_device_drivers/flash/flash_manager.d" -MT"banux/02_device_drivers/flash/flash_manager.d banux/02_device_drivers/flash/flash_manager.o" -o "banux/02_device_drivers/flash/flash_manager.o" "../banux/02_device_drivers/flash/flash_manager.c"
In file included from /cygdrive/D/BanAirBundy/minimal_rtos/system_config/app_config.h:4:0,
                 from /cygdrive/D/BanAirBundy/minimal_rtos/middleware/mv_utils/inc/debug.h:32,
                 from ../banux/02_device_drivers/flash/flash_manager.c:10:
/cygdrive/D/BanAirBundy/minimal_rtos/system_config/chip_config.h:44:0: warning: "CFG_CHIP_CONFIG" redefined
 #define CFG_CHIP_CONFIG
 ^
<command-line>:0:0: note: this is the location of the previous definition
../banux/02_device_drivers/flash/flash_manager.c: In function 'FlashManager_ErasePartition':
../banux/02_device_drivers/flash/flash_manager.c:285:13: warning: format '%X' expects argument of type 'unsigned int', but argument 2 has type 'uint32_t' [-Wformat=]
             DBG("FlashManager: Erase failed at 0x%08X\n", addr);
             ^
../banux/02_device_drivers/flash/flash_manager.c:285:13: warning: format '%X' expects argument of type 'unsigned int', but argument 2 has type 'uint32_t' [-Wformat=]
../banux/02_device_drivers/flash/flash_manager.c: In function 'FlashManager_PrintInfo':
../banux/02_device_drivers/flash/flash_manager.c:417:13: warning: format '%d' expects argument of type 'int', but argument 2 has type 'long unsigned int' [-Wformat=]
             DBG("  Size: %d MB\n", drv->info.total_size / (1024*1024));
             ^
../banux/02_device_drivers/flash/flash_manager.c:417:13: warning: format '%d' expects argument of type 'int', but argument 2 has type 'long unsigned int' [-Wformat=]
../banux/02_device_drivers/flash/flash_manager.c:426:9: warning: format '%X' expects argument of type 'unsigned int', but argument 4 has type 'uint32_t' [-Wformat=]
         DBG("  [%s] Flash#%d, 0x%06X-0x%06X (%d KB)\n",
         ^
../banux/02_device_drivers/flash/flash_manager.c:426:9: warning: format '%X' expects argument of type 'unsigned int', but argument 5 has type 'long unsigned int' [-Wformat=]
../banux/02_device_drivers/flash/flash_manager.c:426:9: warning: format '%d' expects argument of type 'int', but argument 6 has type 'long unsigned int' [-Wformat=]
../banux/02_device_drivers/flash/flash_manager.c:426:9: warning: format '%X' expects argument of type 'unsigned int', but argument 4 has type 'uint32_t' [-Wformat=]
../banux/02_device_drivers/flash/flash_manager.c:426:9: warning: format '%X' expects argument of type 'unsigned int', but argument 5 has type 'long unsigned int' [-Wformat=]
../banux/02_device_drivers/flash/flash_manager.c:426:9: warning: format '%d' expects argument of type 'int', but argument 6 has type 'long unsigned int' [-Wformat=]
../banux/02_device_drivers/flash/flash_manager.c: In function 'FlashManager_Test':
../banux/02_device_drivers/flash/flash_manager.c:463:5: warning: format '%X' expects argument of type 'unsigned int', but argument 2 has type 'uint32_t' [-Wformat=]
     DBG("Erasing sector at 0x%06X...\n", test_addr);
     ^
../banux/02_device_drivers/flash/flash_manager.c:463:5: warning: format '%X' expects argument of type 'unsigned int', but argument 2 has type 'uint32_t' [-Wformat=]
Finished building: ../banux/02_device_drivers/flash/flash_manager.c
 
Building file: ../banux/02_device_drivers/flash/flash_nand_w25n02.c
Invoking: Andes C Compiler
nds32le-elf-gcc -DCFG_APP_CONFIG -DCFG_CHIP_CONFIG -I"/cygdrive/D/BanAirBundy/minimal_rtos" -I"/cygdrive/D/BanAirBundy/minimal_rtos/system_config" -I"/cygdrive/D/BanAirBundy/minimal_rtos/driver/driver_api/inc" -I"/cygdrive/D/BanAirBundy/minimal_rtos/driver/driver/inc" -I"/cygdrive/D/BanAirBundy/minimal_rtos/middleware/mv_utils/inc" -I"/cygdrive/D/BanAirBundy/minimal_rtos/FreeRTOS/Source/include" -I"/cygdrive/D/BanAirBundy/minimal_rtos/startup" -I"/cygdrive/D/BanAirBundy/minimal_rtos/banux" -I"/cygdrive/D/BanAirBundy/minimal_rtos/banux/01_hal_drivers" -I"/cygdrive/D/BanAirBundy/minimal_rtos/banux/01_hal_drivers/adc" -I"/cygdrive/D/BanAirBundy/minimal_rtos/banux/01_hal_drivers/gpio" -I"/cygdrive/D/BanAirBundy/minimal_rtos/banux/01_hal_drivers/spi" -I"/cygdrive/D/BanAirBundy/minimal_rtos/banux/01_hal_drivers/sdio" -I"/cygdrive/D/BanAirBundy/minimal_rtos/banux/01_vfs" -I"/cygdrive/D/BanAirBundy/minimal_rtos/banux/02_device_drivers/flash" -I"/cygdrive/D/BanAirBundy/minimal_rtos/banux/03_driver_framework" -I"/cygdrive/D/BanAirBundy/minimal_rtos/banux/03_driver_framework/core" -I"/cygdrive/D/BanAirBundy/minimal_rtos/banux/03_driver_framework/drivers" -I"/cygdrive/D/BanAirBundy/minimal_rtos/banux/03_driver_framework/event" -I"/cygdrive/D/BanAirBundy/minimal_rtos/banux/04_shell_commands" -I"/cygdrive/D/BanAirBundy/minimal_rtos/banux/05_component" -I"/cygdrive/D/BanAirBundy/minimal_rtos/banux/05_component/firmware_upgrade" -I"/cygdrive/D/BanAirBundy/minimal_rtos/banux/05_component/fat32" -I"/cygdrive/D/BanAirBundy/minimal_rtos/banux/05_component/sys_param" -I"/cygdrive/D/BanAirBundy/minimal_rtos/banux/05_component/sys_state" -I"/cygdrive/D/BanAirBundy/minimal_rtos/banux/05_component/sys_led" -Og -mcmodel=medium -g3 -Wall -mcpu=d1088-spu -c -fmessage-length=0 -ldsp -mext-dsp -std=gnu99 -fsingle-precision-constant -ffunction-sections -fdata-sections -MMD -MP -MF"banux/02_device_drivers/flash/flash_nand_w25n02.d" -MT"banux/02_device_drivers/flash/flash_nand_w25n02.d banux/02_device_drivers/flash/flash_nand_w25n02.o" -o "banux/02_device_drivers/flash/flash_nand_w25n02.o" "../banux/02_device_drivers/flash/flash_nand_w25n02.c"
In file included from /cygdrive/D/BanAirBundy/minimal_rtos/system_config/app_config.h:4:0,
                 from /cygdrive/D/BanAirBundy/minimal_rtos/middleware/mv_utils/inc/debug.h:32,
                 from ../banux/02_device_drivers/flash/flash_nand_w25n02.c:18:
/cygdrive/D/BanAirBundy/minimal_rtos/system_config/chip_config.h:44:0: warning: "CFG_CHIP_CONFIG" redefined
 #define CFG_CHIP_CONFIG
 ^
<command-line>:0:0: note: this is the location of the previous definition
../banux/02_device_drivers/flash/flash_nand_w25n02.c: In function 'nand_load_page_to_cache':
../banux/02_device_drivers/flash/flash_nand_w25n02.c:231:9: warning: format '%X' expects argument of type 'unsigned int', but argument 2 has type 'uint32_t' [-Wformat=]
         NAND_LOG("ECC uncorrectable error at page 0x%04X\n", page_addr);
         ^
../banux/02_device_drivers/flash/flash_nand_w25n02.c:231:9: warning: format '%X' expects argument of type 'unsigned int', but argument 2 has type 'uint32_t' [-Wformat=]
../banux/02_device_drivers/flash/flash_nand_w25n02.c: In function 'nand_program_execute':
../banux/02_device_drivers/flash/flash_nand_w25n02.c:304:9: warning: format '%X' expects argument of type 'unsigned int', but argument 2 has type 'uint32_t' [-Wformat=]
         NAND_LOG("Program failed at page 0x%04X\n", page_addr);
         ^
../banux/02_device_drivers/flash/flash_nand_w25n02.c:304:9: warning: format '%X' expects argument of type 'unsigned int', but argument 2 has type 'uint32_t' [-Wformat=]
In file included from /cygdrive/D/BanAirBundy/minimal_rtos/FreeRTOS/Source/include/os_cpu.h:12:0,
                 from /cygdrive/D/BanAirBundy/minimal_rtos/FreeRTOS/Source/include/portmacro.h:126,
                 from /cygdrive/D/BanAirBundy/minimal_rtos/FreeRTOS/Source/include/portable.h:329,
                 from /cygdrive/D/BanAirBundy/minimal_rtos/FreeRTOS/Source/include/FreeRTOS.h:115,
                 from /cygdrive/D/BanAirBundy/minimal_rtos/banux/rtos_api.h:9,
                 from ../banux/02_device_drivers/flash/flash_nand_w25n02.c:19:
../banux/02_device_drivers/flash/flash_nand_w25n02.c: At top level:
/cygdrive/D/BanAirBundy/minimal_rtos/FreeRTOS/Source/include/n12_def.h:23:20: warning: inline function 'GIE_DISABLE' declared but never defined
 extern inline void GIE_DISABLE(); //defined @startup interrupt.c
                    ^
/cygdrive/D/BanAirBundy/minimal_rtos/FreeRTOS/Source/include/n12_def.h:22:20: warning: inline function 'GIE_ENABLE' declared but never defined
 extern inline void GIE_ENABLE(); //defined @startup interrupt.c
                    ^
/cygdrive/D/BanAirBundy/minimal_rtos/FreeRTOS/Source/include/n12_def.h:23:20: warning: inline function 'GIE_DISABLE' declared but never defined
 extern inline void GIE_DISABLE(); //defined @startup interrupt.c
                    ^
/cygdrive/D/BanAirBundy/minimal_rtos/FreeRTOS/Source/include/n12_def.h:22:20: warning: inline function 'GIE_ENABLE' declared but never defined
 extern inline void GIE_ENABLE(); //defined @startup interrupt.c
                    ^
../banux/02_device_drivers/flash/flash_nand_w25n02.c:318:16: warning: 'nand_read_oob0' defined but not used [-Wunused-function]
 static uint8_t nand_read_oob0(FlashDevice_t *dev, uint16_t block_addr)
                ^
Finished building: ../banux/02_device_drivers/flash/flash_nand_w25n02.c
 
Building file: ../banux/02_device_drivers/flash/flash_nor_w25qxx.c
Invoking: Andes C Compiler
nds32le-elf-gcc -DCFG_APP_CONFIG -DCFG_CHIP_CONFIG -I"/cygdrive/D/BanAirBundy/minimal_rtos" -I"/cygdrive/D/BanAirBundy/minimal_rtos/system_config" -I"/cygdrive/D/BanAirBundy/minimal_rtos/driver/driver_api/inc" -I"/cygdrive/D/BanAirBundy/minimal_rtos/driver/driver/inc" -I"/cygdrive/D/BanAirBundy/minimal_rtos/middleware/mv_utils/inc" -I"/cygdrive/D/BanAirBundy/minimal_rtos/FreeRTOS/Source/include" -I"/cygdrive/D/BanAirBundy/minimal_rtos/startup" -I"/cygdrive/D/BanAirBundy/minimal_rtos/banux" -I"/cygdrive/D/BanAirBundy/minimal_rtos/banux/01_hal_drivers" -I"/cygdrive/D/BanAirBundy/minimal_rtos/banux/01_hal_drivers/adc" -I"/cygdrive/D/BanAirBundy/minimal_rtos/banux/01_hal_drivers/gpio" -I"/cygdrive/D/BanAirBundy/minimal_rtos/banux/01_hal_drivers/spi" -I"/cygdrive/D/BanAirBundy/minimal_rtos/banux/01_hal_drivers/sdio" -I"/cygdrive/D/BanAirBundy/minimal_rtos/banux/01_vfs" -I"/cygdrive/D/BanAirBundy/minimal_rtos/banux/02_device_drivers/flash" -I"/cygdrive/D/BanAirBundy/minimal_rtos/banux/03_driver_framework" -I"/cygdrive/D/BanAirBundy/minimal_rtos/banux/03_driver_framework/core" -I"/cygdrive/D/BanAirBundy/minimal_rtos/banux/03_driver_framework/drivers" -I"/cygdrive/D/BanAirBundy/minimal_rtos/banux/03_driver_framework/event" -I"/cygdrive/D/BanAirBundy/minimal_rtos/banux/04_shell_commands" -I"/cygdrive/D/BanAirBundy/minimal_rtos/banux/05_component" -I"/cygdrive/D/BanAirBundy/minimal_rtos/banux/05_component/firmware_upgrade" -I"/cygdrive/D/BanAirBundy/minimal_rtos/banux/05_component/fat32" -I"/cygdrive/D/BanAirBundy/minimal_rtos/banux/05_component/sys_param" -I"/cygdrive/D/BanAirBundy/minimal_rtos/banux/05_component/sys_state" -I"/cygdrive/D/BanAirBundy/minimal_rtos/banux/05_component/sys_led" -Og -mcmodel=medium -g3 -Wall -mcpu=d1088-spu -c -fmessage-length=0 -ldsp -mext-dsp -std=gnu99 -fsingle-precision-constant -ffunction-sections -fdata-sections -MMD -MP -MF"banux/02_device_drivers/flash/flash_nor_w25qxx.d" -MT"banux/02_device_drivers/flash/flash_nor_w25qxx.d banux/02_device_drivers/flash/flash_nor_w25qxx.o" -o "banux/02_device_drivers/flash/flash_nor_w25qxx.o" "../banux/02_device_drivers/flash/flash_nor_w25qxx.c"
In file included from /cygdrive/D/BanAirBundy/minimal_rtos/system_config/app_config.h:4:0,
                 from /cygdrive/D/BanAirBundy/minimal_rtos/middleware/mv_utils/inc/debug.h:32,
                 from ../banux/02_device_drivers/flash/flash_nor_w25qxx.c:13:
/cygdrive/D/BanAirBundy/minimal_rtos/system_config/chip_config.h:44:0: warning: "CFG_CHIP_CONFIG" redefined
 #define CFG_CHIP_CONFIG
 ^
<command-line>:0:0: note: this is the location of the previous definition
../banux/02_device_drivers/flash/flash_nor_w25qxx.c: In function 'W25Qxx_Init':
../banux/02_device_drivers/flash/flash_nor_w25qxx.c:256:5: warning: format '%d' expects argument of type 'int', but argument 6 has type 'long unsigned int' [-Wformat=]
     W25QXX_LOG("Init OK: %s - MfgID=0x%02X, MemType=0x%02X, DevID=0x%02X, Size=%dMB\n",
     ^
../banux/02_device_drivers/flash/flash_nor_w25qxx.c:256:5: warning: format '%d' expects argument of type 'int', but argument 6 has type 'long unsigned int' [-Wformat=]
In file included from /cygdrive/D/BanAirBundy/minimal_rtos/FreeRTOS/Source/include/os_cpu.h:12:0,
                 from /cygdrive/D/BanAirBundy/minimal_rtos/FreeRTOS/Source/include/portmacro.h:126,
                 from /cygdrive/D/BanAirBundy/minimal_rtos/FreeRTOS/Source/include/portable.h:329,
                 from /cygdrive/D/BanAirBundy/minimal_rtos/FreeRTOS/Source/include/FreeRTOS.h:115,
                 from /cygdrive/D/BanAirBundy/minimal_rtos/banux/rtos_api.h:9,
                 from ../banux/02_device_drivers/flash/flash_nor_w25qxx.c:14:
../banux/02_device_drivers/flash/flash_nor_w25qxx.c: At top level:
/cygdrive/D/BanAirBundy/minimal_rtos/FreeRTOS/Source/include/n12_def.h:23:20: warning: inline function 'GIE_DISABLE' declared but never defined
 extern inline void GIE_DISABLE(); //defined @startup interrupt.c
                    ^
/cygdrive/D/BanAirBundy/minimal_rtos/FreeRTOS/Source/include/n12_def.h:22:20: warning: inline function 'GIE_ENABLE' declared but never defined
 extern inline void GIE_ENABLE(); //defined @startup interrupt.c
                    ^
/cygdrive/D/BanAirBundy/minimal_rtos/FreeRTOS/Source/include/n12_def.h:23:20: warning: inline function 'GIE_DISABLE' declared but never defined
 extern inline void GIE_DISABLE(); //defined @startup interrupt.c
                    ^
/cygdrive/D/BanAirBundy/minimal_rtos/FreeRTOS/Source/include/n12_def.h:22:20: warning: inline function 'GIE_ENABLE' declared but never defined
 extern inline void GIE_ENABLE(); //defined @startup interrupt.c
                    ^
Finished building: ../banux/02_device_drivers/flash/flash_nor_w25qxx.c
 
Building file: ../banux/02_device_drivers/flash/flash_test.c
Invoking: Andes C Compiler
nds32le-elf-gcc -DCFG_APP_CONFIG -DCFG_CHIP_CONFIG -I"/cygdrive/D/BanAirBundy/minimal_rtos" -I"/cygdrive/D/BanAirBundy/minimal_rtos/system_config" -I"/cygdrive/D/BanAirBundy/minimal_rtos/driver/driver_api/inc" -I"/cygdrive/D/BanAirBundy/minimal_rtos/driver/driver/inc" -I"/cygdrive/D/BanAirBundy/minimal_rtos/middleware/mv_utils/inc" -I"/cygdrive/D/BanAirBundy/minimal_rtos/FreeRTOS/Source/include" -I"/cygdrive/D/BanAirBundy/minimal_rtos/startup" -I"/cygdrive/D/BanAirBundy/minimal_rtos/banux" -I"/cygdrive/D/BanAirBundy/minimal_rtos/banux/01_hal_drivers" -I"/cygdrive/D/BanAirBundy/minimal_rtos/banux/01_hal_drivers/adc" -I"/cygdrive/D/BanAirBundy/minimal_rtos/banux/01_hal_drivers/gpio" -I"/cygdrive/D/BanAirBundy/minimal_rtos/banux/01_hal_drivers/spi" -I"/cygdrive/D/BanAirBundy/minimal_rtos/banux/01_hal_drivers/sdio" -I"/cygdrive/D/BanAirBundy/minimal_rtos/banux/01_vfs" -I"/cygdrive/D/BanAirBundy/minimal_rtos/banux/02_device_drivers/flash" -I"/cygdrive/D/BanAirBundy/minimal_rtos/banux/03_driver_framework" -I"/cygdrive/D/BanAirBundy/minimal_rtos/banux/03_driver_framework/core" -I"/cygdrive/D/BanAirBundy/minimal_rtos/banux/03_driver_framework/drivers" -I"/cygdrive/D/BanAirBundy/minimal_rtos/banux/03_driver_framework/event" -I"/cygdrive/D/BanAirBundy/minimal_rtos/banux/04_shell_commands" -I"/cygdrive/D/BanAirBundy/minimal_rtos/banux/05_component" -I"/cygdrive/D/BanAirBundy/minimal_rtos/banux/05_component/firmware_upgrade" -I"/cygdrive/D/BanAirBundy/minimal_rtos/banux/05_component/fat32" -I"/cygdrive/D/BanAirBundy/minimal_rtos/banux/05_component/sys_param" -I"/cygdrive/D/BanAirBundy/minimal_rtos/banux/05_component/sys_state" -I"/cygdrive/D/BanAirBundy/minimal_rtos/banux/05_component/sys_led" -Og -mcmodel=medium -g3 -Wall -mcpu=d1088-spu -c -fmessage-length=0 -ldsp -mext-dsp -std=gnu99 -fsingle-precision-constant -ffunction-sections -fdata-sections -MMD -MP -MF"banux/02_device_drivers/flash/flash_test.d" -MT"banux/02_device_drivers/flash/flash_test.d banux/02_device_drivers/flash/flash_test.o" -o "banux/02_device_drivers/flash/flash_test.o" "../banux/02_device_drivers/flash/flash_test.c"
In file included from /cygdrive/D/BanAirBundy/minimal_rtos/system_config/app_config.h:4:0,
                 from /cygdrive/D/BanAirBundy/minimal_rtos/middleware/mv_utils/inc/debug.h:32,
                 from ../banux/02_device_drivers/flash/flash_test.c:10:
/cygdrive/D/BanAirBundy/minimal_rtos/system_config/chip_config.h:44:0: warning: "CFG_CHIP_CONFIG" redefined
 #define CFG_CHIP_CONFIG
 ^
<command-line>:0:0: note: this is the location of the previous definition
In file included from ../banux/02_device_drivers/flash/flash_test.c:10:0:
/cygdrive/D/BanAirBundy/minimal_rtos/middleware/mv_utils/inc/debug.h:99:0: warning: "DBG" redefined
 #define DBG(format, ...)  printf(format, ##__VA_ARGS__)
 ^
In file included from ../banux/02_device_drivers/flash/flash_test.h:13:0,
                 from ../banux/02_device_drivers/flash/flash_test.c:4:
/cygdrive/D/BanAirBundy/minimal_rtos/banux/banux_config.h:247:0: note: this is the location of the previous definition
 #define DBG(fmt, ...)   printf(fmt, ##__VA_ARGS__)
 ^
../banux/02_device_drivers/flash/flash_test.c: In function 'spi_bus_gpio_diag':
../banux/02_device_drivers/flash/flash_test.c:33:14: warning: unused variable 'b_out' [-Wunused-variable]
     uint32_t b_out = GPIO_RegGet(GPIO_B_OUT);
              ^
../banux/02_device_drivers/flash/flash_test.c:32:14: warning: unused variable 'b_ie' [-Wunused-variable]
     uint32_t b_ie  = GPIO_RegGet(GPIO_B_IE);
              ^
../banux/02_device_drivers/flash/flash_test.c:31:14: warning: unused variable 'b_oe' [-Wunused-variable]
     uint32_t b_oe  = GPIO_RegGet(GPIO_B_OE);
              ^
../banux/02_device_drivers/flash/flash_test.c: At top level:
../banux/02_device_drivers/flash/flash_test.c:153:5: warning: "/*" within comment [-Wcomment]
     /* 楠岃瘉鏁版嵁 */
 ^
In file included from /cygdrive/D/BanAirBundy/minimal_rtos/FreeRTOS/Source/include/os_cpu.h:12:0,
                 from /cygdrive/D/BanAirBundy/minimal_rtos/FreeRTOS/Source/include/portmacro.h:126,
                 from /cygdrive/D/BanAirBundy/minimal_rtos/FreeRTOS/Source/include/portable.h:329,
                 from /cygdrive/D/BanAirBundy/minimal_rtos/FreeRTOS/Source/include/FreeRTOS.h:115,
                 from ../banux/02_device_drivers/flash/flash_test.c:11:
/cygdrive/D/BanAirBundy/minimal_rtos/FreeRTOS/Source/include/n12_def.h:23:20: warning: inline function 'GIE_DISABLE' declared but never defined
 extern inline void GIE_DISABLE(); //defined @startup interrupt.c
                    ^
/cygdrive/D/BanAirBundy/minimal_rtos/FreeRTOS/Source/include/n12_def.h:22:20: warning: inline function 'GIE_ENABLE' declared but never defined
 extern inline void GIE_ENABLE(); //defined @startup interrupt.c
                    ^
/cygdrive/D/BanAirBundy/minimal_rtos/FreeRTOS/Source/include/n12_def.h:23:20: warning: inline function 'GIE_DISABLE' declared but never defined
 extern inline void GIE_DISABLE(); //defined @startup interrupt.c
                    ^
/cygdrive/D/BanAirBundy/minimal_rtos/FreeRTOS/Source/include/n12_def.h:22:20: warning: inline function 'GIE_ENABLE' declared but never defined
 extern inline void GIE_ENABLE(); //defined @startup interrupt.c
                    ^
../banux/02_device_drivers/flash/flash_test.c:25:13: warning: 'spi_bus_gpio_diag' defined but not used [-Wunused-function]
 static void spi_bus_gpio_diag(void)
             ^
Finished building: ../banux/02_device_drivers/flash/flash_test.c
 
Building file: ../banux/02_device_drivers/flash/psram_esp64h.c
Invoking: Andes C Compiler
nds32le-elf-gcc -DCFG_APP_CONFIG -DCFG_CHIP_CONFIG -I"/cygdrive/D/BanAirBundy/minimal_rtos" -I"/cygdrive/D/BanAirBundy/minimal_rtos/system_config" -I"/cygdrive/D/BanAirBundy/minimal_rtos/driver/driver_api/inc" -I"/cygdrive/D/BanAirBundy/minimal_rtos/driver/driver/inc" -I"/cygdrive/D/BanAirBundy/minimal_rtos/middleware/mv_utils/inc" -I"/cygdrive/D/BanAirBundy/minimal_rtos/FreeRTOS/Source/include" -I"/cygdrive/D/BanAirBundy/minimal_rtos/startup" -I"/cygdrive/D/BanAirBundy/minimal_rtos/banux" -I"/cygdrive/D/BanAirBundy/minimal_rtos/banux/01_hal_drivers" -I"/cygdrive/D/BanAirBundy/minimal_rtos/banux/01_hal_drivers/adc" -I"/cygdrive/D/BanAirBundy/minimal_rtos/banux/01_hal_drivers/gpio" -I"/cygdrive/D/BanAirBundy/minimal_rtos/banux/01_hal_drivers/spi" -I"/cygdrive/D/BanAirBundy/minimal_rtos/banux/01_hal_drivers/sdio" -I"/cygdrive/D/BanAirBundy/minimal_rtos/banux/01_vfs" -I"/cygdrive/D/BanAirBundy/minimal_rtos/banux/02_device_drivers/flash" -I"/cygdrive/D/BanAirBundy/minimal_rtos/banux/03_driver_framework" -I"/cygdrive/D/BanAirBundy/minimal_rtos/banux/03_driver_framework/core" -I"/cygdrive/D/BanAirBundy/minimal_rtos/banux/03_driver_framework/drivers" -I"/cygdrive/D/BanAirBundy/minimal_rtos/banux/03_driver_framework/event" -I"/cygdrive/D/BanAirBundy/minimal_rtos/banux/04_shell_commands" -I"/cygdrive/D/BanAirBundy/minimal_rtos/banux/05_component" -I"/cygdrive/D/BanAirBundy/minimal_rtos/banux/05_component/firmware_upgrade" -I"/cygdrive/D/BanAirBundy/minimal_rtos/banux/05_component/fat32" -I"/cygdrive/D/BanAirBundy/minimal_rtos/banux/05_component/sys_param" -I"/cygdrive/D/BanAirBundy/minimal_rtos/banux/05_component/sys_state" -I"/cygdrive/D/BanAirBundy/minimal_rtos/banux/05_component/sys_led" -Og -mcmodel=medium -g3 -Wall -mcpu=d1088-spu -c -fmessage-length=0 -ldsp -mext-dsp -std=gnu99 -fsingle-precision-constant -ffunction-sections -fdata-sections -MMD -MP -MF"banux/02_device_drivers/flash/psram_esp64h.d" -MT"banux/02_device_drivers/flash/psram_esp64h.d banux/02_device_drivers/flash/psram_esp64h.o" -o "banux/02_device_drivers/flash/psram_esp64h.o" "../banux/02_device_drivers/flash/psram_esp64h.c"
In file included from /cygdrive/D/BanAirBundy/minimal_rtos/system_config/app_config.h:4:0,
                 from /cygdrive/D/BanAirBundy/minimal_rtos/middleware/mv_utils/inc/debug.h:32,
                 from ../banux/02_device_drivers/flash/psram_esp64h.c:19:
/cygdrive/D/BanAirBundy/minimal_rtos/system_config/chip_config.h:44:0: warning: "CFG_CHIP_CONFIG" redefined
 #define CFG_CHIP_CONFIG
 ^
<command-line>:0:0: note: this is the location of the previous definition
In file included from /cygdrive/D/BanAirBundy/minimal_rtos/FreeRTOS/Source/include/os_cpu.h:12:0,
                 from /cygdrive/D/BanAirBundy/minimal_rtos/FreeRTOS/Source/include/portmacro.h:126,
                 from /cygdrive/D/BanAirBundy/minimal_rtos/FreeRTOS/Source/include/portable.h:329,
                 from /cygdrive/D/BanAirBundy/minimal_rtos/FreeRTOS/Source/include/FreeRTOS.h:115,
                 from /cygdrive/D/BanAirBundy/minimal_rtos/banux/rtos_api.h:9,
                 from ../banux/02_device_drivers/flash/psram_esp64h.c:20:
/cygdrive/D/BanAirBundy/minimal_rtos/FreeRTOS/Source/include/n12_def.h:23:20: warning: inline function 'GIE_DISABLE' declared but never defined
 extern inline void GIE_DISABLE(); //defined @startup interrupt.c
                    ^
/cygdrive/D/BanAirBundy/minimal_rtos/FreeRTOS/Source/include/n12_def.h:22:20: warning: inline function 'GIE_ENABLE' declared but never defined
 extern inline void GIE_ENABLE(); //defined @startup interrupt.c
                    ^
/cygdrive/D/BanAirBundy/minimal_rtos/FreeRTOS/Source/include/n12_def.h:23:20: warning: inline function 'GIE_DISABLE' declared but never defined
 extern inline void GIE_DISABLE(); //defined @startup interrupt.c
                    ^
/cygdrive/D/BanAirBundy/minimal_rtos/FreeRTOS/Source/include/n12_def.h:22:20: warning: inline function 'GIE_ENABLE' declared but never defined
 extern inline void GIE_ENABLE(); //defined @startup interrupt.c
                    ^
Finished building: ../banux/02_device_drivers/flash/psram_esp64h.c
 
Building file: ../banux/03_driver_framework/core/drv_device.c
Invoking: Andes C Compiler
nds32le-elf-gcc -DCFG_APP_CONFIG -DCFG_CHIP_CONFIG -I"/cygdrive/D/BanAirBundy/minimal_rtos" -I"/cygdrive/D/BanAirBundy/minimal_rtos/system_config" -I"/cygdrive/D/BanAirBundy/minimal_rtos/driver/driver_api/inc" -I"/cygdrive/D/BanAirBundy/minimal_rtos/driver/driver/inc" -I"/cygdrive/D/BanAirBundy/minimal_rtos/middleware/mv_utils/inc" -I"/cygdrive/D/BanAirBundy/minimal_rtos/FreeRTOS/Source/include" -I"/cygdrive/D/BanAirBundy/minimal_rtos/startup" -I"/cygdrive/D/BanAirBundy/minimal_rtos/banux" -I"/cygdrive/D/BanAirBundy/minimal_rtos/banux/01_hal_drivers" -I"/cygdrive/D/BanAirBundy/minimal_rtos/banux/01_hal_drivers/adc" -I"/cygdrive/D/BanAirBundy/minimal_rtos/banux/01_hal_drivers/gpio" -I"/cygdrive/D/BanAirBundy/minimal_rtos/banux/01_hal_drivers/spi" -I"/cygdrive/D/BanAirBundy/minimal_rtos/banux/01_hal_drivers/sdio" -I"/cygdrive/D/BanAirBundy/minimal_rtos/banux/01_vfs" -I"/cygdrive/D/BanAirBundy/minimal_rtos/banux/02_device_drivers/flash" -I"/cygdrive/D/BanAirBundy/minimal_rtos/banux/03_driver_framework" -I"/cygdrive/D/BanAirBundy/minimal_rtos/banux/03_driver_framework/core" -I"/cygdrive/D/BanAirBundy/minimal_rtos/banux/03_driver_framework/drivers" -I"/cygdrive/D/BanAirBundy/minimal_rtos/banux/03_driver_framework/event" -I"/cygdrive/D/BanAirBundy/minimal_rtos/banux/04_shell_commands" -I"/cygdrive/D/BanAirBundy/minimal_rtos/banux/05_component" -I"/cygdrive/D/BanAirBundy/minimal_rtos/banux/05_component/firmware_upgrade" -I"/cygdrive/D/BanAirBundy/minimal_rtos/banux/05_component/fat32" -I"/cygdrive/D/BanAirBundy/minimal_rtos/banux/05_component/sys_param" -I"/cygdrive/D/BanAirBundy/minimal_rtos/banux/05_component/sys_state" -I"/cygdrive/D/BanAirBundy/minimal_rtos/banux/05_component/sys_led" -Og -mcmodel=medium -g3 -Wall -mcpu=d1088-spu -c -fmessage-length=0 -ldsp -mext-dsp -std=gnu99 -fsingle-precision-constant -ffunction-sections -fdata-sections -MMD -MP -MF"banux/03_driver_framework/core/drv_device.d" -MT"banux/03_driver_framework/core/drv_device.d banux/03_driver_framework/core/drv_device.o" -o "banux/03_driver_framework/core/drv_device.o" "../banux/03_driver_framework/core/drv_device.c"
In file included from /cygdrive/D/BanAirBundy/minimal_rtos/system_config/app_config.h:4:0,
                 from /cygdrive/D/BanAirBundy/minimal_rtos/middleware/mv_utils/inc/debug.h:32,
                 from ../banux/03_driver_framework/core/drv_device.c:14:
/cygdrive/D/BanAirBundy/minimal_rtos/system_config/chip_config.h:44:0: warning: "CFG_CHIP_CONFIG" redefined
 #define CFG_CHIP_CONFIG
 ^
<command-line>:0:0: note: this is the location of the previous definition
In file included from ../banux/03_driver_framework/core/drv_device.c:14:0:
/cygdrive/D/BanAirBundy/minimal_rtos/middleware/mv_utils/inc/debug.h:99:0: warning: "DBG" redefined
 #define DBG(format, ...)  printf(format, ##__VA_ARGS__)
 ^
In file included from /cygdrive/D/BanAirBundy/minimal_rtos/banux/01_vfs/vfs.h:38:0,
                 from ../banux/03_driver_framework/core/drv_fs.h:37,
                 from ../banux/03_driver_framework/core/drv_device.h:43,
                 from ../banux/03_driver_framework/core/drv_device.c:13:
/cygdrive/D/BanAirBundy/minimal_rtos/banux/banux_config.h:247:0: note: this is the location of the previous definition
 #define DBG(fmt, ...)   printf(fmt, ##__VA_ARGS__)
 ^
Finished building: ../banux/03_driver_framework/core/drv_device.c
 
Building file: ../banux/03_driver_framework/core/drv_fs.c
Invoking: Andes C Compiler
nds32le-elf-gcc -DCFG_APP_CONFIG -DCFG_CHIP_CONFIG -I"/cygdrive/D/BanAirBundy/minimal_rtos" -I"/cygdrive/D/BanAirBundy/minimal_rtos/system_config" -I"/cygdrive/D/BanAirBundy/minimal_rtos/driver/driver_api/inc" -I"/cygdrive/D/BanAirBundy/minimal_rtos/driver/driver/inc" -I"/cygdrive/D/BanAirBundy/minimal_rtos/middleware/mv_utils/inc" -I"/cygdrive/D/BanAirBundy/minimal_rtos/FreeRTOS/Source/include" -I"/cygdrive/D/BanAirBundy/minimal_rtos/startup" -I"/cygdrive/D/BanAirBundy/minimal_rtos/banux" -I"/cygdrive/D/BanAirBundy/minimal_rtos/banux/01_hal_drivers" -I"/cygdrive/D/BanAirBundy/minimal_rtos/banux/01_hal_drivers/adc" -I"/cygdrive/D/BanAirBundy/minimal_rtos/banux/01_hal_drivers/gpio" -I"/cygdrive/D/BanAirBundy/minimal_rtos/banux/01_hal_drivers/spi" -I"/cygdrive/D/BanAirBundy/minimal_rtos/banux/01_hal_drivers/sdio" -I"/cygdrive/D/BanAirBundy/minimal_rtos/banux/01_vfs" -I"/cygdrive/D/BanAirBundy/minimal_rtos/banux/02_device_drivers/flash" -I"/cygdrive/D/BanAirBundy/minimal_rtos/banux/03_driver_framework" -I"/cygdrive/D/BanAirBundy/minimal_rtos/banux/03_driver_framework/core" -I"/cygdrive/D/BanAirBundy/minimal_rtos/banux/03_driver_framework/drivers" -I"/cygdrive/D/BanAirBundy/minimal_rtos/banux/03_driver_framework/event" -I"/cygdrive/D/BanAirBundy/minimal_rtos/banux/04_shell_commands" -I"/cygdrive/D/BanAirBundy/minimal_rtos/banux/05_component" -I"/cygdrive/D/BanAirBundy/minimal_rtos/banux/05_component/firmware_upgrade" -I"/cygdrive/D/BanAirBundy/minimal_rtos/banux/05_component/fat32" -I"/cygdrive/D/BanAirBundy/minimal_rtos/banux/05_component/sys_param" -I"/cygdrive/D/BanAirBundy/minimal_rtos/banux/05_component/sys_state" -I"/cygdrive/D/BanAirBundy/minimal_rtos/banux/05_component/sys_led" -Og -mcmodel=medium -g3 -Wall -mcpu=d1088-spu -c -fmessage-length=0 -ldsp -mext-dsp -std=gnu99 -fsingle-precision-constant -ffunction-sections -fdata-sections -MMD -MP -MF"banux/03_driver_framework/core/drv_fs.d" -MT"banux/03_driver_framework/core/drv_fs.d banux/03_driver_framework/core/drv_fs.o" -o "banux/03_driver_framework/core/drv_fs.o" "../banux/03_driver_framework/core/drv_fs.c"
In file included from /cygdrive/D/BanAirBundy/minimal_rtos/system_config/app_config.h:4:0,
                 from /cygdrive/D/BanAirBundy/minimal_rtos/middleware/mv_utils/inc/debug.h:32,
                 from ../banux/03_driver_framework/core/drv_fs.c:12:
/cygdrive/D/BanAirBundy/minimal_rtos/system_config/chip_config.h:44:0: warning: "CFG_CHIP_CONFIG" redefined
 #define CFG_CHIP_CONFIG
 ^
<command-line>:0:0: note: this is the location of the previous definition
In file included from ../banux/03_driver_framework/core/drv_fs.c:12:0:
/cygdrive/D/BanAirBundy/minimal_rtos/middleware/mv_utils/inc/debug.h:99:0: warning: "DBG" redefined
 #define DBG(format, ...)  printf(format, ##__VA_ARGS__)
 ^
In file included from /cygdrive/D/BanAirBundy/minimal_rtos/banux/01_vfs/vfs.h:38:0,
                 from ../banux/03_driver_framework/core/drv_fs.h:37,
                 from ../banux/03_driver_framework/core/drv_fs.c:11:
/cygdrive/D/BanAirBundy/minimal_rtos/banux/banux_config.h:247:0: note: this is the location of the previous definition
 #define DBG(fmt, ...)   printf(fmt, ##__VA_ARGS__)
 ^
Finished building: ../banux/03_driver_framework/core/drv_fs.c
 
Building file: ../banux/03_driver_framework/drivers/drv_psram.c
Invoking: Andes C Compiler
nds32le-elf-gcc -DCFG_APP_CONFIG -DCFG_CHIP_CONFIG -I"/cygdrive/D/BanAirBundy/minimal_rtos" -I"/cygdrive/D/BanAirBundy/minimal_rtos/system_config" -I"/cygdrive/D/BanAirBundy/minimal_rtos/driver/driver_api/inc" -I"/cygdrive/D/BanAirBundy/minimal_rtos/driver/driver/inc" -I"/cygdrive/D/BanAirBundy/minimal_rtos/middleware/mv_utils/inc" -I"/cygdrive/D/BanAirBundy/minimal_rtos/FreeRTOS/Source/include" -I"/cygdrive/D/BanAirBundy/minimal_rtos/startup" -I"/cygdrive/D/BanAirBundy/minimal_rtos/banux" -I"/cygdrive/D/BanAirBundy/minimal_rtos/banux/01_hal_drivers" -I"/cygdrive/D/BanAirBundy/minimal_rtos/banux/01_hal_drivers/adc" -I"/cygdrive/D/BanAirBundy/minimal_rtos/banux/01_hal_drivers/gpio" -I"/cygdrive/D/BanAirBundy/minimal_rtos/banux/01_hal_drivers/spi" -I"/cygdrive/D/BanAirBundy/minimal_rtos/banux/01_hal_drivers/sdio" -I"/cygdrive/D/BanAirBundy/minimal_rtos/banux/01_vfs" -I"/cygdrive/D/BanAirBundy/minimal_rtos/banux/02_device_drivers/flash" -I"/cygdrive/D/BanAirBundy/minimal_rtos/banux/03_driver_framework" -I"/cygdrive/D/BanAirBundy/minimal_rtos/banux/03_driver_framework/core" -I"/cygdrive/D/BanAirBundy/minimal_rtos/banux/03_driver_framework/drivers" -I"/cygdrive/D/BanAirBundy/minimal_rtos/banux/03_driver_framework/event" -I"/cygdrive/D/BanAirBundy/minimal_rtos/banux/04_shell_commands" -I"/cygdrive/D/BanAirBundy/minimal_rtos/banux/05_component" -I"/cygdrive/D/BanAirBundy/minimal_rtos/banux/05_component/firmware_upgrade" -I"/cygdrive/D/BanAirBundy/minimal_rtos/banux/05_component/fat32" -I"/cygdrive/D/BanAirBundy/minimal_rtos/banux/05_component/sys_param" -I"/cygdrive/D/BanAirBundy/minimal_rtos/banux/05_component/sys_state" -I"/cygdrive/D/BanAirBundy/minimal_rtos/banux/05_component/sys_led" -Og -mcmodel=medium -g3 -Wall -mcpu=d1088-spu -c -fmessage-length=0 -ldsp -mext-dsp -std=gnu99 -fsingle-precision-constant -ffunction-sections -fdata-sections -MMD -MP -MF"banux/03_driver_framework/drivers/drv_psram.d" -MT"banux/03_driver_framework/drivers/drv_psram.d banux/03_driver_framework/drivers/drv_psram.o" -o "banux/03_driver_framework/drivers/drv_psram.o" "../banux/03_driver_framework/drivers/drv_psram.c"
In file included from /cygdrive/D/BanAirBundy/minimal_rtos/system_config/app_config.h:4:0,
                 from /cygdrive/D/BanAirBundy/minimal_rtos/middleware/mv_utils/inc/debug.h:32,
                 from ../banux/03_driver_framework/drivers/drv_psram.c:20:
/cygdrive/D/BanAirBundy/minimal_rtos/system_config/chip_config.h:44:0: warning: "CFG_CHIP_CONFIG" redefined
 #define CFG_CHIP_CONFIG
 ^
<command-line>:0:0: note: this is the location of the previous definition
In file included from ../banux/03_driver_framework/drivers/drv_psram.c:20:0:
/cygdrive/D/BanAirBundy/minimal_rtos/middleware/mv_utils/inc/debug.h:99:0: warning: "DBG" redefined
 #define DBG(format, ...)  printf(format, ##__VA_ARGS__)
 ^
In file included from /cygdrive/D/BanAirBundy/minimal_rtos/banux/01_vfs/vfs.h:38:0,
                 from /cygdrive/D/BanAirBundy/minimal_rtos/banux/03_driver_framework/core/drv_fs.h:37,
                 from /cygdrive/D/BanAirBundy/minimal_rtos/banux/03_driver_framework/core/drv_device.h:43,
                 from ../banux/03_driver_framework/drivers/drv_psram.c:15:
/cygdrive/D/BanAirBundy/minimal_rtos/banux/banux_config.h:247:0: note: this is the location of the previous definition
 #define DBG(fmt, ...)   printf(fmt, ##__VA_ARGS__)
 ^
../banux/03_driver_framework/drivers/drv_psram.c:127:12: warning: 'param_get_page_size' defined but not used [-Wunused-function]
 static int param_get_page_size(char *buf, uint16_t maxLen, void *userData)
            ^
../banux/03_driver_framework/drivers/drv_psram.c:141:12: warning: 'param_get_device_id' defined but not used [-Wunused-function]
 static int param_get_device_id(char *buf, uint16_t maxLen, void *userData)
            ^
Finished building: ../banux/03_driver_framework/drivers/drv_psram.c
 
Building file: ../banux/03_driver_framework/drivers/drv_w25n02.c
Invoking: Andes C Compiler
nds32le-elf-gcc -DCFG_APP_CONFIG -DCFG_CHIP_CONFIG -I"/cygdrive/D/BanAirBundy/minimal_rtos" -I"/cygdrive/D/BanAirBundy/minimal_rtos/system_config" -I"/cygdrive/D/BanAirBundy/minimal_rtos/driver/driver_api/inc" -I"/cygdrive/D/BanAirBundy/minimal_rtos/driver/driver/inc" -I"/cygdrive/D/BanAirBundy/minimal_rtos/middleware/mv_utils/inc" -I"/cygdrive/D/BanAirBundy/minimal_rtos/FreeRTOS/Source/include" -I"/cygdrive/D/BanAirBundy/minimal_rtos/startup" -I"/cygdrive/D/BanAirBundy/minimal_rtos/banux" -I"/cygdrive/D/BanAirBundy/minimal_rtos/banux/01_hal_drivers" -I"/cygdrive/D/BanAirBundy/minimal_rtos/banux/01_hal_drivers/adc" -I"/cygdrive/D/BanAirBundy/minimal_rtos/banux/01_hal_drivers/gpio" -I"/cygdrive/D/BanAirBundy/minimal_rtos/banux/01_hal_drivers/spi" -I"/cygdrive/D/BanAirBundy/minimal_rtos/banux/01_hal_drivers/sdio" -I"/cygdrive/D/BanAirBundy/minimal_rtos/banux/01_vfs" -I"/cygdrive/D/BanAirBundy/minimal_rtos/banux/02_device_drivers/flash" -I"/cygdrive/D/BanAirBundy/minimal_rtos/banux/03_driver_framework" -I"/cygdrive/D/BanAirBundy/minimal_rtos/banux/03_driver_framework/core" -I"/cygdrive/D/BanAirBundy/minimal_rtos/banux/03_driver_framework/drivers" -I"/cygdrive/D/BanAirBundy/minimal_rtos/banux/03_driver_framework/event" -I"/cygdrive/D/BanAirBundy/minimal_rtos/banux/04_shell_commands" -I"/cygdrive/D/BanAirBundy/minimal_rtos/banux/05_component" -I"/cygdrive/D/BanAirBundy/minimal_rtos/banux/05_component/firmware_upgrade" -I"/cygdrive/D/BanAirBundy/minimal_rtos/banux/05_component/fat32" -I"/cygdrive/D/BanAirBundy/minimal_rtos/banux/05_component/sys_param" -I"/cygdrive/D/BanAirBundy/minimal_rtos/banux/05_component/sys_state" -I"/cygdrive/D/BanAirBundy/minimal_rtos/banux/05_component/sys_led" -Og -mcmodel=medium -g3 -Wall -mcpu=d1088-spu -c -fmessage-length=0 -ldsp -mext-dsp -std=gnu99 -fsingle-precision-constant -ffunction-sections -fdata-sections -MMD -MP -MF"banux/03_driver_framework/drivers/drv_w25n02.d" -MT"banux/03_driver_framework/drivers/drv_w25n02.d banux/03_driver_framework/drivers/drv_w25n02.o" -o "banux/03_driver_framework/drivers/drv_w25n02.o" "../banux/03_driver_framework/drivers/drv_w25n02.c"
In file included from /cygdrive/D/BanAirBundy/minimal_rtos/system_config/app_config.h:4:0,
                 from /cygdrive/D/BanAirBundy/minimal_rtos/middleware/mv_utils/inc/debug.h:32,
                 from ../banux/03_driver_framework/drivers/drv_w25n02.c:21:
/cygdrive/D/BanAirBundy/minimal_rtos/system_config/chip_config.h:44:0: warning: "CFG_CHIP_CONFIG" redefined
 #define CFG_CHIP_CONFIG
 ^
<command-line>:0:0: note: this is the location of the previous definition
In file included from ../banux/03_driver_framework/drivers/drv_w25n02.c:21:0:
/cygdrive/D/BanAirBundy/minimal_rtos/middleware/mv_utils/inc/debug.h:99:0: warning: "DBG" redefined
 #define DBG(format, ...)  printf(format, ##__VA_ARGS__)
 ^
In file included from /cygdrive/D/BanAirBundy/minimal_rtos/banux/01_vfs/vfs.h:38:0,
                 from /cygdrive/D/BanAirBundy/minimal_rtos/banux/03_driver_framework/core/drv_fs.h:37,
                 from /cygdrive/D/BanAirBundy/minimal_rtos/banux/03_driver_framework/core/drv_device.h:43,
                 from ../banux/03_driver_framework/drivers/drv_w25n02.c:16:
/cygdrive/D/BanAirBundy/minimal_rtos/banux/banux_config.h:247:0: note: this is the location of the previous definition
 #define DBG(fmt, ...)   printf(fmt, ##__VA_ARGS__)
 ^
../banux/03_driver_framework/drivers/drv_w25n02.c:141:12: warning: 'param_get_page_size' defined but not used [-Wunused-function]
 static int param_get_page_size(char *buf, uint16_t maxLen, void *userData)
            ^
../banux/03_driver_framework/drivers/drv_w25n02.c:148:12: warning: 'param_get_block_size' defined but not used [-Wunused-function]
 static int param_get_block_size(char *buf, uint16_t maxLen, void *userData)
            ^
../banux/03_driver_framework/drivers/drv_w25n02.c:155:12: warning: 'param_get_block_count' defined but not used [-Wunused-function]
 static int param_get_block_count(char *buf, uint16_t maxLen, void *userData)
            ^
../banux/03_driver_framework/drivers/drv_w25n02.c:162:12: warning: 'param_get_bad_blocks' defined but not used [-Wunused-function]
 static int param_get_bad_blocks(char *buf, uint16_t maxLen, void *userData)
            ^
../banux/03_driver_framework/drivers/drv_w25n02.c:183:12: warning: 'param_get_device_id' defined but not used [-Wunused-function]
 static int param_get_device_id(char *buf, uint16_t maxLen, void *userData)
            ^
../banux/03_driver_framework/drivers/drv_w25n02.c:192:12: warning: 'param_cmd_scan_bbt' defined but not used [-Wunused-function]
 static int param_cmd_scan_bbt(const char *value, void *userData)
            ^
Finished building: ../banux/03_driver_framework/drivers/drv_w25n02.c
 
Building file: ../banux/03_driver_framework/drivers/drv_w25qxx.c
Invoking: Andes C Compiler
nds32le-elf-gcc -DCFG_APP_CONFIG -DCFG_CHIP_CONFIG -I"/cygdrive/D/BanAirBundy/minimal_rtos" -I"/cygdrive/D/BanAirBundy/minimal_rtos/system_config" -I"/cygdrive/D/BanAirBundy/minimal_rtos/driver/driver_api/inc" -I"/cygdrive/D/BanAirBundy/minimal_rtos/driver/driver/inc" -I"/cygdrive/D/BanAirBundy/minimal_rtos/middleware/mv_utils/inc" -I"/cygdrive/D/BanAirBundy/minimal_rtos/FreeRTOS/Source/include" -I"/cygdrive/D/BanAirBundy/minimal_rtos/startup" -I"/cygdrive/D/BanAirBundy/minimal_rtos/banux" -I"/cygdrive/D/BanAirBundy/minimal_rtos/banux/01_hal_drivers" -I"/cygdrive/D/BanAirBundy/minimal_rtos/banux/01_hal_drivers/adc" -I"/cygdrive/D/BanAirBundy/minimal_rtos/banux/01_hal_drivers/gpio" -I"/cygdrive/D/BanAirBundy/minimal_rtos/banux/01_hal_drivers/spi" -I"/cygdrive/D/BanAirBundy/minimal_rtos/banux/01_hal_drivers/sdio" -I"/cygdrive/D/BanAirBundy/minimal_rtos/banux/01_vfs" -I"/cygdrive/D/BanAirBundy/minimal_rtos/banux/02_device_drivers/flash" -I"/cygdrive/D/BanAirBundy/minimal_rtos/banux/03_driver_framework" -I"/cygdrive/D/BanAirBundy/minimal_rtos/banux/03_driver_framework/core" -I"/cygdrive/D/BanAirBundy/minimal_rtos/banux/03_driver_framework/drivers" -I"/cygdrive/D/BanAirBundy/minimal_rtos/banux/03_driver_framework/event" -I"/cygdrive/D/BanAirBundy/minimal_rtos/banux/04_shell_commands" -I"/cygdrive/D/BanAirBundy/minimal_rtos/banux/05_component" -I"/cygdrive/D/BanAirBundy/minimal_rtos/banux/05_component/firmware_upgrade" -I"/cygdrive/D/BanAirBundy/minimal_rtos/banux/05_component/fat32" -I"/cygdrive/D/BanAirBundy/minimal_rtos/banux/05_component/sys_param" -I"/cygdrive/D/BanAirBundy/minimal_rtos/banux/05_component/sys_state" -I"/cygdrive/D/BanAirBundy/minimal_rtos/banux/05_component/sys_led" -Og -mcmodel=medium -g3 -Wall -mcpu=d1088-spu -c -fmessage-length=0 -ldsp -mext-dsp -std=gnu99 -fsingle-precision-constant -ffunction-sections -fdata-sections -MMD -MP -MF"banux/03_driver_framework/drivers/drv_w25qxx.d" -MT"banux/03_driver_framework/drivers/drv_w25qxx.d banux/03_driver_framework/drivers/drv_w25qxx.o" -o "banux/03_driver_framework/drivers/drv_w25qxx.o" "../banux/03_driver_framework/drivers/drv_w25qxx.c"
In file included from /cygdrive/D/BanAirBundy/minimal_rtos/system_config/app_config.h:4:0,
                 from /cygdrive/D/BanAirBundy/minimal_rtos/middleware/mv_utils/inc/debug.h:32,
                 from ../banux/03_driver_framework/drivers/drv_w25qxx.c:26:
/cygdrive/D/BanAirBundy/minimal_rtos/system_config/chip_config.h:44:0: warning: "CFG_CHIP_CONFIG" redefined
 #define CFG_CHIP_CONFIG
 ^
<command-line>:0:0: note: this is the location of the previous definition
In file included from ../banux/03_driver_framework/drivers/drv_w25qxx.c:26:0:
/cygdrive/D/BanAirBundy/minimal_rtos/middleware/mv_utils/inc/debug.h:99:0: warning: "DBG" redefined
 #define DBG(format, ...)  printf(format, ##__VA_ARGS__)
 ^
In file included from /cygdrive/D/BanAirBundy/minimal_rtos/banux/01_vfs/vfs.h:38:0,
                 from /cygdrive/D/BanAirBundy/minimal_rtos/banux/03_driver_framework/core/drv_fs.h:37,
                 from /cygdrive/D/BanAirBundy/minimal_rtos/banux/03_driver_framework/core/drv_device.h:43,
                 from ../banux/03_driver_framework/drivers/drv_w25qxx.c:20:
/cygdrive/D/BanAirBundy/minimal_rtos/banux/banux_config.h:247:0: note: this is the location of the previous definition
 #define DBG(fmt, ...)   printf(fmt, ##__VA_ARGS__)
 ^
../banux/03_driver_framework/drivers/drv_w25qxx.c: In function 'w25qxx_drv_ioctl':
../banux/03_driver_framework/drivers/drv_w25qxx.c:251:22: warning: unused variable 'addr' [-Wunused-variable]
             uint32_t addr = *(uint32_t *)arg;
                      ^
../banux/03_driver_framework/drivers/drv_w25qxx.c:257:22: warning: unused variable 'addr' [-Wunused-variable]
             uint32_t addr = *(uint32_t *)arg;
                      ^
../banux/03_driver_framework/drivers/drv_w25qxx.c:246:23: warning: unused variable 'flash' [-Wunused-variable]
     W25qxxPrivData_t *flash = (W25qxxPrivData_t *)priv;
                       ^
Finished building: ../banux/03_driver_framework/drivers/drv_w25qxx.c
 
Building file: ../banux/03_driver_framework/drv_init.c
Invoking: Andes C Compiler
nds32le-elf-gcc -DCFG_APP_CONFIG -DCFG_CHIP_CONFIG -I"/cygdrive/D/BanAirBundy/minimal_rtos" -I"/cygdrive/D/BanAirBundy/minimal_rtos/system_config" -I"/cygdrive/D/BanAirBundy/minimal_rtos/driver/driver_api/inc" -I"/cygdrive/D/BanAirBundy/minimal_rtos/driver/driver/inc" -I"/cygdrive/D/BanAirBundy/minimal_rtos/middleware/mv_utils/inc" -I"/cygdrive/D/BanAirBundy/minimal_rtos/FreeRTOS/Source/include" -I"/cygdrive/D/BanAirBundy/minimal_rtos/startup" -I"/cygdrive/D/BanAirBundy/minimal_rtos/banux" -I"/cygdrive/D/BanAirBundy/minimal_rtos/banux/01_hal_drivers" -I"/cygdrive/D/BanAirBundy/minimal_rtos/banux/01_hal_drivers/adc" -I"/cygdrive/D/BanAirBundy/minimal_rtos/banux/01_hal_drivers/gpio" -I"/cygdrive/D/BanAirBundy/minimal_rtos/banux/01_hal_drivers/spi" -I"/cygdrive/D/BanAirBundy/minimal_rtos/banux/01_hal_drivers/sdio" -I"/cygdrive/D/BanAirBundy/minimal_rtos/banux/01_vfs" -I"/cygdrive/D/BanAirBundy/minimal_rtos/banux/02_device_drivers/flash" -I"/cygdrive/D/BanAirBundy/minimal_rtos/banux/03_driver_framework" -I"/cygdrive/D/BanAirBundy/minimal_rtos/banux/03_driver_framework/core" -I"/cygdrive/D/BanAirBundy/minimal_rtos/banux/03_driver_framework/drivers" -I"/cygdrive/D/BanAirBundy/minimal_rtos/banux/03_driver_framework/event" -I"/cygdrive/D/BanAirBundy/minimal_rtos/banux/04_shell_commands" -I"/cygdrive/D/BanAirBundy/minimal_rtos/banux/05_component" -I"/cygdrive/D/BanAirBundy/minimal_rtos/banux/05_component/firmware_upgrade" -I"/cygdrive/D/BanAirBundy/minimal_rtos/banux/05_component/fat32" -I"/cygdrive/D/BanAirBundy/minimal_rtos/banux/05_component/sys_param" -I"/cygdrive/D/BanAirBundy/minimal_rtos/banux/05_component/sys_state" -I"/cygdrive/D/BanAirBundy/minimal_rtos/banux/05_component/sys_led" -Og -mcmodel=medium -g3 -Wall -mcpu=d1088-spu -c -fmessage-length=0 -ldsp -mext-dsp -std=gnu99 -fsingle-precision-constant -ffunction-sections -fdata-sections -MMD -MP -MF"banux/03_driver_framework/drv_init.d" -MT"banux/03_driver_framework/drv_init.d banux/03_driver_framework/drv_init.o" -o "banux/03_driver_framework/drv_init.o" "../banux/03_driver_framework/drv_init.c"
In file included from ../banux/03_driver_framework/drv_init.c:35:0:
/cygdrive/D/BanAirBundy/minimal_rtos/banux/02_device_drivers/flash/bg_flash_manager.h:40:1: warning: multi-line comment [-Wcomment]
 //#define FLASH_HOLD_INIT()      GPIO_RegOneBitClear(GPIO_A_IE, GPIOA22);\
 ^
In file included from /cygdrive/D/BanAirBundy/minimal_rtos/system_config/app_config.h:4:0,
                 from /cygdrive/D/BanAirBundy/minimal_rtos/middleware/mv_utils/inc/debug.h:32,
                 from ../banux/03_driver_framework/drv_init.c:40:
/cygdrive/D/BanAirBundy/minimal_rtos/system_config/chip_config.h:44:0: warning: "CFG_CHIP_CONFIG" redefined
 #define CFG_CHIP_CONFIG
 ^
<command-line>:0:0: note: this is the location of the previous definition
In file included from ../banux/03_driver_framework/drv_init.c:40:0:
/cygdrive/D/BanAirBundy/minimal_rtos/middleware/mv_utils/inc/debug.h:99:0: warning: "DBG" redefined
 #define DBG(format, ...)  printf(format, ##__VA_ARGS__)
 ^
In file included from /cygdrive/D/BanAirBundy/minimal_rtos/banux/01_vfs/vfs.h:38:0,
                 from ../banux/03_driver_framework/drv_init.c:12:
/cygdrive/D/BanAirBundy/minimal_rtos/banux/banux_config.h:247:0: note: this is the location of the previous definition
 #define DBG(fmt, ...)   printf(fmt, ##__VA_ARGS__)
 ^
../banux/03_driver_framework/drv_init.c:66:12: warning: 'DrvProbeNorDevice' defined but not used [-Wunused-function]
 static int DrvProbeNorDevice(const char *name)
            ^
../banux/03_driver_framework/drv_init.c:85:12: warning: 'DrvProbeW25qxx' defined but not used [-Wunused-function]
 static int DrvProbeW25qxx(void)
            ^
../banux/03_driver_framework/drv_init.c:102:12: warning: 'DrvProbeW25n02' defined but not used [-Wunused-function]
 static int DrvProbeW25n02(void)
            ^
../banux/03_driver_framework/drv_init.c:112:12: warning: 'DrvProbePsram' defined but not used [-Wunused-function]
 static int DrvProbePsram(void)
            ^
../banux/03_driver_framework/drv_init.c:122:12: warning: 'DrvProbeSdCard' defined but not used [-Wunused-function]
 static int DrvProbeSdCard(void)
            ^
Finished building: ../banux/03_driver_framework/drv_init.c
 
Building file: ../banux/03_driver_framework/event/bg_event.c
Invoking: Andes C Compiler
nds32le-elf-gcc -DCFG_APP_CONFIG -DCFG_CHIP_CONFIG -I"/cygdrive/D/BanAirBundy/minimal_rtos" -I"/cygdrive/D/BanAirBundy/minimal_rtos/system_config" -I"/cygdrive/D/BanAirBundy/minimal_rtos/driver/driver_api/inc" -I"/cygdrive/D/BanAirBundy/minimal_rtos/driver/driver/inc" -I"/cygdrive/D/BanAirBundy/minimal_rtos/middleware/mv_utils/inc" -I"/cygdrive/D/BanAirBundy/minimal_rtos/FreeRTOS/Source/include" -I"/cygdrive/D/BanAirBundy/minimal_rtos/startup" -I"/cygdrive/D/BanAirBundy/minimal_rtos/banux" -I"/cygdrive/D/BanAirBundy/minimal_rtos/banux/01_hal_drivers" -I"/cygdrive/D/BanAirBundy/minimal_rtos/banux/01_hal_drivers/adc" -I"/cygdrive/D/BanAirBundy/minimal_rtos/banux/01_hal_drivers/gpio" -I"/cygdrive/D/BanAirBundy/minimal_rtos/banux/01_hal_drivers/spi" -I"/cygdrive/D/BanAirBundy/minimal_rtos/banux/01_hal_drivers/sdio" -I"/cygdrive/D/BanAirBundy/minimal_rtos/banux/01_vfs" -I"/cygdrive/D/BanAirBundy/minimal_rtos/banux/02_device_drivers/flash" -I"/cygdrive/D/BanAirBundy/minimal_rtos/banux/03_driver_framework" -I"/cygdrive/D/BanAirBundy/minimal_rtos/banux/03_driver_framework/core" -I"/cygdrive/D/BanAirBundy/minimal_rtos/banux/03_driver_framework/drivers" -I"/cygdrive/D/BanAirBundy/minimal_rtos/banux/03_driver_framework/event" -I"/cygdrive/D/BanAirBundy/minimal_rtos/banux/04_shell_commands" -I"/cygdrive/D/BanAirBundy/minimal_rtos/banux/05_component" -I"/cygdrive/D/BanAirBundy/minimal_rtos/banux/05_component/firmware_upgrade" -I"/cygdrive/D/BanAirBundy/minimal_rtos/banux/05_component/fat32" -I"/cygdrive/D/BanAirBundy/minimal_rtos/banux/05_component/sys_param" -I"/cygdrive/D/BanAirBundy/minimal_rtos/banux/05_component/sys_state" -I"/cygdrive/D/BanAirBundy/minimal_rtos/banux/05_component/sys_led" -Og -mcmodel=medium -g3 -Wall -mcpu=d1088-spu -c -fmessage-length=0 -ldsp -mext-dsp -std=gnu99 -fsingle-precision-constant -ffunction-sections -fdata-sections -MMD -MP -MF"banux/03_driver_framework/event/bg_event.d" -MT"banux/03_driver_framework/event/bg_event.d banux/03_driver_framework/event/bg_event.o" -o "banux/03_driver_framework/event/bg_event.o" "../banux/03_driver_framework/event/bg_event.c"
../banux/03_driver_framework/event/bg_event.c:23:1: warning: "/*" within comment [-Wcomment]
 /* 链接段符�?(�?GCC ld 自动生成)
 ^
Finished building: ../banux/03_driver_framework/event/bg_event.c
 
Building file: ../banux/05_component/firmware_upgrade/app_upgrade.c
Invoking: Andes C Compiler
nds32le-elf-gcc -DCFG_APP_CONFIG -DCFG_CHIP_CONFIG -I"/cygdrive/D/BanAirBundy/minimal_rtos" -I"/cygdrive/D/BanAirBundy/minimal_rtos/system_config" -I"/cygdrive/D/BanAirBundy/minimal_rtos/driver/driver_api/inc" -I"/cygdrive/D/BanAirBundy/minimal_rtos/driver/driver/inc" -I"/cygdrive/D/BanAirBundy/minimal_rtos/middleware/mv_utils/inc" -I"/cygdrive/D/BanAirBundy/minimal_rtos/FreeRTOS/Source/include" -I"/cygdrive/D/BanAirBundy/minimal_rtos/startup" -I"/cygdrive/D/BanAirBundy/minimal_rtos/banux" -I"/cygdrive/D/BanAirBundy/minimal_rtos/banux/01_hal_drivers" -I"/cygdrive/D/BanAirBundy/minimal_rtos/banux/01_hal_drivers/adc" -I"/cygdrive/D/BanAirBundy/minimal_rtos/banux/01_hal_drivers/gpio" -I"/cygdrive/D/BanAirBundy/minimal_rtos/banux/01_hal_drivers/spi" -I"/cygdrive/D/BanAirBundy/minimal_rtos/banux/01_hal_drivers/sdio" -I"/cygdrive/D/BanAirBundy/minimal_rtos/banux/01_vfs" -I"/cygdrive/D/BanAirBundy/minimal_rtos/banux/02_device_drivers/flash" -I"/cygdrive/D/BanAirBundy/minimal_rtos/banux/03_driver_framework" -I"/cygdrive/D/BanAirBundy/minimal_rtos/banux/03_driver_framework/core" -I"/cygdrive/D/BanAirBundy/minimal_rtos/banux/03_driver_framework/drivers" -I"/cygdrive/D/BanAirBundy/minimal_rtos/banux/03_driver_framework/event" -I"/cygdrive/D/BanAirBundy/minimal_rtos/banux/04_shell_commands" -I"/cygdrive/D/BanAirBundy/minimal_rtos/banux/05_component" -I"/cygdrive/D/BanAirBundy/minimal_rtos/banux/05_component/firmware_upgrade" -I"/cygdrive/D/BanAirBundy/minimal_rtos/banux/05_component/fat32" -I"/cygdrive/D/BanAirBundy/minimal_rtos/banux/05_component/sys_param" -I"/cygdrive/D/BanAirBundy/minimal_rtos/banux/05_component/sys_state" -I"/cygdrive/D/BanAirBundy/minimal_rtos/banux/05_component/sys_led" -Og -mcmodel=medium -g3 -Wall -mcpu=d1088-spu -c -fmessage-length=0 -ldsp -mext-dsp -std=gnu99 -fsingle-precision-constant -ffunction-sections -fdata-sections -MMD -MP -MF"banux/05_component/firmware_upgrade/app_upgrade.d" -MT"banux/05_component/firmware_upgrade/app_upgrade.d banux/05_component/firmware_upgrade/app_upgrade.o" -o "banux/05_component/firmware_upgrade/app_upgrade.o" "../banux/05_component/firmware_upgrade/app_upgrade.c"
In file included from /cygdrive/D/BanAirBundy/minimal_rtos/system_config/app_config.h:4:0,
                 from /cygdrive/D/BanAirBundy/minimal_rtos/middleware/mv_utils/inc/debug.h:32,
                 from ../banux/05_component/firmware_upgrade/app_upgrade.c:15:
/cygdrive/D/BanAirBundy/minimal_rtos/system_config/chip_config.h:44:0: warning: "CFG_CHIP_CONFIG" redefined
 #define CFG_CHIP_CONFIG
 ^
<command-line>:0:0: note: this is the location of the previous definition
Finished building: ../banux/05_component/firmware_upgrade/app_upgrade.c
 
Building file: ../banux/05_component/firmware_upgrade/boot_decision.c
Invoking: Andes C Compiler
nds32le-elf-gcc -DCFG_APP_CONFIG -DCFG_CHIP_CONFIG -I"/cygdrive/D/BanAirBundy/minimal_rtos" -I"/cygdrive/D/BanAirBundy/minimal_rtos/system_config" -I"/cygdrive/D/BanAirBundy/minimal_rtos/driver/driver_api/inc" -I"/cygdrive/D/BanAirBundy/minimal_rtos/driver/driver/inc" -I"/cygdrive/D/BanAirBundy/minimal_rtos/middleware/mv_utils/inc" -I"/cygdrive/D/BanAirBundy/minimal_rtos/FreeRTOS/Source/include" -I"/cygdrive/D/BanAirBundy/minimal_rtos/startup" -I"/cygdrive/D/BanAirBundy/minimal_rtos/banux" -I"/cygdrive/D/BanAirBundy/minimal_rtos/banux/01_hal_drivers" -I"/cygdrive/D/BanAirBundy/minimal_rtos/banux/01_hal_drivers/adc" -I"/cygdrive/D/BanAirBundy/minimal_rtos/banux/01_hal_drivers/gpio" -I"/cygdrive/D/BanAirBundy/minimal_rtos/banux/01_hal_drivers/spi" -I"/cygdrive/D/BanAirBundy/minimal_rtos/banux/01_hal_drivers/sdio" -I"/cygdrive/D/BanAirBundy/minimal_rtos/banux/01_vfs" -I"/cygdrive/D/BanAirBundy/minimal_rtos/banux/02_device_drivers/flash" -I"/cygdrive/D/BanAirBundy/minimal_rtos/banux/03_driver_framework" -I"/cygdrive/D/BanAirBundy/minimal_rtos/banux/03_driver_framework/core" -I"/cygdrive/D/BanAirBundy/minimal_rtos/banux/03_driver_framework/drivers" -I"/cygdrive/D/BanAirBundy/minimal_rtos/banux/03_driver_framework/event" -I"/cygdrive/D/BanAirBundy/minimal_rtos/banux/04_shell_commands" -I"/cygdrive/D/BanAirBundy/minimal_rtos/banux/05_component" -I"/cygdrive/D/BanAirBundy/minimal_rtos/banux/05_component/firmware_upgrade" -I"/cygdrive/D/BanAirBundy/minimal_rtos/banux/05_component/fat32" -I"/cygdrive/D/BanAirBundy/minimal_rtos/banux/05_component/sys_param" -I"/cygdrive/D/BanAirBundy/minimal_rtos/banux/05_component/sys_state" -I"/cygdrive/D/BanAirBundy/minimal_rtos/banux/05_component/sys_led" -Og -mcmodel=medium -g3 -Wall -mcpu=d1088-spu -c -fmessage-length=0 -ldsp -mext-dsp -std=gnu99 -fsingle-precision-constant -ffunction-sections -fdata-sections -MMD -MP -MF"banux/05_component/firmware_upgrade/boot_decision.d" -MT"banux/05_component/firmware_upgrade/boot_decision.d banux/05_component/firmware_upgrade/boot_decision.o" -o "banux/05_component/firmware_upgrade/boot_decision.o" "../banux/05_component/firmware_upgrade/boot_decision.c"
In file included from /cygdrive/D/BanAirBundy/minimal_rtos/system_config/app_config.h:4:0,
                 from /cygdrive/D/BanAirBundy/minimal_rtos/middleware/mv_utils/inc/debug.h:32,
                 from /cygdrive/D/BanAirBundy/minimal_rtos/driver/driver/inc/remap.h:28,
                 from ../banux/05_component/firmware_upgrade/boot_decision.c:20:
/cygdrive/D/BanAirBundy/minimal_rtos/system_config/chip_config.h:44:0: warning: "CFG_CHIP_CONFIG" redefined
 #define CFG_CHIP_CONFIG
 ^
<command-line>:0:0: note: this is the location of the previous definition
In file included from ../banux/05_component/firmware_upgrade/boot_decision.c:20:0:
/cygdrive/D/BanAirBundy/minimal_rtos/driver/driver/inc/remap.h:32:0: warning: "FLASH_ADDR" redefined
 #define FLASH_ADDR    0x0
 ^
In file included from /cygdrive/D/BanAirBundy/minimal_rtos/system_config/app_config.h:5:0,
                 from /cygdrive/D/BanAirBundy/minimal_rtos/middleware/mv_utils/inc/debug.h:32,
                 from /cygdrive/D/BanAirBundy/minimal_rtos/driver/driver/inc/remap.h:28,
                 from ../banux/05_component/firmware_upgrade/boot_decision.c:20:
/cygdrive/D/BanAirBundy/minimal_rtos/system_config/flash_config.h:14:0: note: this is the location of the previous definition
Finished building: ../banux/05_component/firmware_upgrade/boot_decision.c
     #define FLASH_ADDR              0x00040000
 ^
../banux/05_component/firmware_upgrade/boot_decision.c:166:13: warning: 'Boot_JumpTo' defined but not used [-Wunused-function]
 static void Boot_JumpTo(uint32_t addr)
             ^
 
Building file: ../banux/05_component/firmware_upgrade/fw_upgrade.c
Invoking: Andes C Compiler
nds32le-elf-gcc -DCFG_APP_CONFIG -DCFG_CHIP_CONFIG -I"/cygdrive/D/BanAirBundy/minimal_rtos" -I"/cygdrive/D/BanAirBundy/minimal_rtos/system_config" -I"/cygdrive/D/BanAirBundy/minimal_rtos/driver/driver_api/inc" -I"/cygdrive/D/BanAirBundy/minimal_rtos/driver/driver/inc" -I"/cygdrive/D/BanAirBundy/minimal_rtos/middleware/mv_utils/inc" -I"/cygdrive/D/BanAirBundy/minimal_rtos/FreeRTOS/Source/include" -I"/cygdrive/D/BanAirBundy/minimal_rtos/startup" -I"/cygdrive/D/BanAirBundy/minimal_rtos/banux" -I"/cygdrive/D/BanAirBundy/minimal_rtos/banux/01_hal_drivers" -I"/cygdrive/D/BanAirBundy/minimal_rtos/banux/01_hal_drivers/adc" -I"/cygdrive/D/BanAirBundy/minimal_rtos/banux/01_hal_drivers/gpio" -I"/cygdrive/D/BanAirBundy/minimal_rtos/banux/01_hal_drivers/spi" -I"/cygdrive/D/BanAirBundy/minimal_rtos/banux/01_hal_drivers/sdio" -I"/cygdrive/D/BanAirBundy/minimal_rtos/banux/01_vfs" -I"/cygdrive/D/BanAirBundy/minimal_rtos/banux/02_device_drivers/flash" -I"/cygdrive/D/BanAirBundy/minimal_rtos/banux/03_driver_framework" -I"/cygdrive/D/BanAirBundy/minimal_rtos/banux/03_driver_framework/core" -I"/cygdrive/D/BanAirBundy/minimal_rtos/banux/03_driver_framework/drivers" -I"/cygdrive/D/BanAirBundy/minimal_rtos/banux/03_driver_framework/event" -I"/cygdrive/D/BanAirBundy/minimal_rtos/banux/04_shell_commands" -I"/cygdrive/D/BanAirBundy/minimal_rtos/banux/05_component" -I"/cygdrive/D/BanAirBundy/minimal_rtos/banux/05_component/firmware_upgrade" -I"/cygdrive/D/BanAirBundy/minimal_rtos/banux/05_component/fat32" -I"/cygdrive/D/BanAirBundy/minimal_rtos/banux/05_component/sys_param" -I"/cygdrive/D/BanAirBundy/minimal_rtos/banux/05_component/sys_state" -I"/cygdrive/D/BanAirBundy/minimal_rtos/banux/05_component/sys_led" -Og -mcmodel=medium -g3 -Wall -mcpu=d1088-spu -c -fmessage-length=0 -ldsp -mext-dsp -std=gnu99 -fsingle-precision-constant -ffunction-sections -fdata-sections -MMD -MP -MF"banux/05_component/firmware_upgrade/fw_upgrade.d" -MT"banux/05_component/firmware_upgrade/fw_upgrade.d banux/05_component/firmware_upgrade/fw_upgrade.o" -o "banux/05_component/firmware_upgrade/fw_upgrade.o" "../banux/05_component/firmware_upgrade/fw_upgrade.c"
Finished building: ../banux/05_component/firmware_upgrade/fw_upgrade.c
 
Building file: ../driver/driver_api/src/uarts_interface.c
Invoking: Andes C Compiler
nds32le-elf-gcc -DCFG_APP_CONFIG -DCFG_CHIP_CONFIG -I"/cygdrive/D/BanAirBundy/minimal_rtos" -I"/cygdrive/D/BanAirBundy/minimal_rtos/system_config" -I"/cygdrive/D/BanAirBundy/minimal_rtos/driver/driver_api/inc" -I"/cygdrive/D/BanAirBundy/minimal_rtos/driver/driver/inc" -I"/cygdrive/D/BanAirBundy/minimal_rtos/middleware/mv_utils/inc" -I"/cygdrive/D/BanAirBundy/minimal_rtos/FreeRTOS/Source/include" -I"/cygdrive/D/BanAirBundy/minimal_rtos/startup" -I"/cygdrive/D/BanAirBundy/minimal_rtos/banux" -I"/cygdrive/D/BanAirBundy/minimal_rtos/banux/01_hal_drivers" -I"/cygdrive/D/BanAirBundy/minimal_rtos/banux/01_hal_drivers/adc" -I"/cygdrive/D/BanAirBundy/minimal_rtos/banux/01_hal_drivers/gpio" -I"/cygdrive/D/BanAirBundy/minimal_rtos/banux/01_hal_drivers/spi" -I"/cygdrive/D/BanAirBundy/minimal_rtos/banux/01_hal_drivers/sdio" -I"/cygdrive/D/BanAirBundy/minimal_rtos/banux/01_vfs" -I"/cygdrive/D/BanAirBundy/minimal_rtos/banux/02_device_drivers/flash" -I"/cygdrive/D/BanAirBundy/minimal_rtos/banux/03_driver_framework" -I"/cygdrive/D/BanAirBundy/minimal_rtos/banux/03_driver_framework/core" -I"/cygdrive/D/BanAirBundy/minimal_rtos/banux/03_driver_framework/drivers" -I"/cygdrive/D/BanAirBundy/minimal_rtos/banux/03_driver_framework/event" -I"/cygdrive/D/BanAirBundy/minimal_rtos/banux/04_shell_commands" -I"/cygdrive/D/BanAirBundy/minimal_rtos/banux/05_component" -I"/cygdrive/D/BanAirBundy/minimal_rtos/banux/05_component/firmware_upgrade" -I"/cygdrive/D/BanAirBundy/minimal_rtos/banux/05_component/fat32" -I"/cygdrive/D/BanAirBundy/minimal_rtos/banux/05_component/sys_param" -I"/cygdrive/D/BanAirBundy/minimal_rtos/banux/05_component/sys_state" -I"/cygdrive/D/BanAirBundy/minimal_rtos/banux/05_component/sys_led" -Og -mcmodel=medium -g3 -Wall -mcpu=d1088-spu -c -fmessage-length=0 -ldsp -mext-dsp -std=gnu99 -fsingle-precision-constant -ffunction-sections -fdata-sections -MMD -MP -MF"driver/driver_api/src/uarts_interface.d" -MT"driver/driver_api/src/uarts_interface.d driver/driver_api/src/uarts_interface.o" -o "driver/driver_api/src/uarts_interface.o" "../driver/driver_api/src/uarts_interface.c"
Finished building: ../driver/driver_api/src/uarts_interface.c
 
Building file: ../middleware/mv_utils/src/debug.c
Invoking: Andes C Compiler
nds32le-elf-gcc -DCFG_APP_CONFIG -DCFG_CHIP_CONFIG -I"/cygdrive/D/BanAirBundy/minimal_rtos" -I"/cygdrive/D/BanAirBundy/minimal_rtos/system_config" -I"/cygdrive/D/BanAirBundy/minimal_rtos/driver/driver_api/inc" -I"/cygdrive/D/BanAirBundy/minimal_rtos/driver/driver/inc" -I"/cygdrive/D/BanAirBundy/minimal_rtos/middleware/mv_utils/inc" -I"/cygdrive/D/BanAirBundy/minimal_rtos/FreeRTOS/Source/include" -I"/cygdrive/D/BanAirBundy/minimal_rtos/startup" -I"/cygdrive/D/BanAirBundy/minimal_rtos/banux" -I"/cygdrive/D/BanAirBundy/minimal_rtos/banux/01_hal_drivers" -I"/cygdrive/D/BanAirBundy/minimal_rtos/banux/01_hal_drivers/adc" -I"/cygdrive/D/BanAirBundy/minimal_rtos/banux/01_hal_drivers/gpio" -I"/cygdrive/D/BanAirBundy/minimal_rtos/banux/01_hal_drivers/spi" -I"/cygdrive/D/BanAirBundy/minimal_rtos/banux/01_hal_drivers/sdio" -I"/cygdrive/D/BanAirBundy/minimal_rtos/banux/01_vfs" -I"/cygdrive/D/BanAirBundy/minimal_rtos/banux/02_device_drivers/flash" -I"/cygdrive/D/BanAirBundy/minimal_rtos/banux/03_driver_framework" -I"/cygdrive/D/BanAirBundy/minimal_rtos/banux/03_driver_framework/core" -I"/cygdrive/D/BanAirBundy/minimal_rtos/banux/03_driver_framework/drivers" -I"/cygdrive/D/BanAirBundy/minimal_rtos/banux/03_driver_framework/event" -I"/cygdrive/D/BanAirBundy/minimal_rtos/banux/04_shell_commands" -I"/cygdrive/D/BanAirBundy/minimal_rtos/banux/05_component" -I"/cygdrive/D/BanAirBundy/minimal_rtos/banux/05_component/firmware_upgrade" -I"/cygdrive/D/BanAirBundy/minimal_rtos/banux/05_component/fat32" -I"/cygdrive/D/BanAirBundy/minimal_rtos/banux/05_component/sys_param" -I"/cygdrive/D/BanAirBundy/minimal_rtos/banux/05_component/sys_state" -I"/cygdrive/D/BanAirBundy/minimal_rtos/banux/05_component/sys_led" -Og -mcmodel=medium -g3 -Wall -mcpu=d1088-spu -c -fmessage-length=0 -ldsp -mext-dsp -std=gnu99 -fsingle-precision-constant -ffunction-sections -fdata-sections -MMD -MP -MF"middleware/mv_utils/src/debug.d" -MT"middleware/mv_utils/src/debug.d middleware/mv_utils/src/debug.o" -o "middleware/mv_utils/src/debug.o" "../middleware/mv_utils/src/debug.c"
In file included from /cygdrive/D/BanAirBundy/minimal_rtos/system_config/app_config.h:4:0,
                 from /cygdrive/D/BanAirBundy/minimal_rtos/middleware/mv_utils/inc/debug.h:32,
                 from ../middleware/mv_utils/src/debug.c:2:
/cygdrive/D/BanAirBundy/minimal_rtos/system_config/chip_config.h:44:0: warning: "CFG_CHIP_CONFIG" redefined
 #define CFG_CHIP_CONFIG
 ^
<command-line>:0:0: note: this is the location of the previous definition
Finished building: ../middleware/mv_utils/src/debug.c
 
Building file: ../middleware/mv_utils/src/heap.c
Invoking: Andes C Compiler
nds32le-elf-gcc -DCFG_APP_CONFIG -DCFG_CHIP_CONFIG -I"/cygdrive/D/BanAirBundy/minimal_rtos" -I"/cygdrive/D/BanAirBundy/minimal_rtos/system_config" -I"/cygdrive/D/BanAirBundy/minimal_rtos/driver/driver_api/inc" -I"/cygdrive/D/BanAirBundy/minimal_rtos/driver/driver/inc" -I"/cygdrive/D/BanAirBundy/minimal_rtos/middleware/mv_utils/inc" -I"/cygdrive/D/BanAirBundy/minimal_rtos/FreeRTOS/Source/include" -I"/cygdrive/D/BanAirBundy/minimal_rtos/startup" -I"/cygdrive/D/BanAirBundy/minimal_rtos/banux" -I"/cygdrive/D/BanAirBundy/minimal_rtos/banux/01_hal_drivers" -I"/cygdrive/D/BanAirBundy/minimal_rtos/banux/01_hal_drivers/adc" -I"/cygdrive/D/BanAirBundy/minimal_rtos/banux/01_hal_drivers/gpio" -I"/cygdrive/D/BanAirBundy/minimal_rtos/banux/01_hal_drivers/spi" -I"/cygdrive/D/BanAirBundy/minimal_rtos/banux/01_hal_drivers/sdio" -I"/cygdrive/D/BanAirBundy/minimal_rtos/banux/01_vfs" -I"/cygdrive/D/BanAirBundy/minimal_rtos/banux/02_device_drivers/flash" -I"/cygdrive/D/BanAirBundy/minimal_rtos/banux/03_driver_framework" -I"/cygdrive/D/BanAirBundy/minimal_rtos/banux/03_driver_framework/core" -I"/cygdrive/D/BanAirBundy/minimal_rtos/banux/03_driver_framework/drivers" -I"/cygdrive/D/BanAirBundy/minimal_rtos/banux/03_driver_framework/event" -I"/cygdrive/D/BanAirBundy/minimal_rtos/banux/04_shell_commands" -I"/cygdrive/D/BanAirBundy/minimal_rtos/banux/05_component" -I"/cygdrive/D/BanAirBundy/minimal_rtos/banux/05_component/firmware_upgrade" -I"/cygdrive/D/BanAirBundy/minimal_rtos/banux/05_component/fat32" -I"/cygdrive/D/BanAirBundy/minimal_rtos/banux/05_component/sys_param" -I"/cygdrive/D/BanAirBundy/minimal_rtos/banux/05_component/sys_state" -I"/cygdrive/D/BanAirBundy/minimal_rtos/banux/05_component/sys_led" -Og -mcmodel=medium -g3 -Wall -mcpu=d1088-spu -c -fmessage-length=0 -ldsp -mext-dsp -std=gnu99 -fsingle-precision-constant -ffunction-sections -fdata-sections -MMD -MP -MF"middleware/mv_utils/src/heap.d" -MT"middleware/mv_utils/src/heap.d middleware/mv_utils/src/heap.o" -o "middleware/mv_utils/src/heap.o" "../middleware/mv_utils/src/heap.c"
In file included from /cygdrive/D/BanAirBundy/minimal_rtos/system_config/app_config.h:4:0,
                 from /cygdrive/D/BanAirBundy/minimal_rtos/system_config/sram_config.h:4,
                 from ../middleware/mv_utils/src/heap.c:10:
/cygdrive/D/BanAirBundy/minimal_rtos/system_config/chip_config.h:44:0: warning: "CFG_CHIP_CONFIG" redefined
 #define CFG_CHIP_CONFIG
 ^
<command-line>:0:0: note: this is the location of the previous definition
In file included from /cygdrive/D/BanAirBundy/minimal_rtos/system_config/sram_config.h:5:0,
                 from ../middleware/mv_utils/src/heap.c:10:
/cygdrive/D/BanAirBundy/minimal_rtos/driver/driver/inc/remap.h:32:0: warning: "FLASH_ADDR" redefined
 #define FLASH_ADDR    0x0
 ^
In file included from /cygdrive/D/BanAirBundy/minimal_rtos/system_config/app_config.h:5:0,
                 from /cygdrive/D/BanAirBundy/minimal_rtos/system_config/sram_config.h:4,
                 from ../middleware/mv_utils/src/heap.c:10:
/cygdrive/D/BanAirBundy/minimal_rtos/system_config/flash_config.h:14:0: note: this is the location of the previous definition
     #define FLASH_ADDR              0x00040000
 ^
Finished building: ../middleware/mv_utils/src/heap.c
 
Building file: ../src/main.c
Invoking: Andes C Compiler
nds32le-elf-gcc -DCFG_APP_CONFIG -DCFG_CHIP_CONFIG -I"/cygdrive/D/BanAirBundy/minimal_rtos" -I"/cygdrive/D/BanAirBundy/minimal_rtos/system_config" -I"/cygdrive/D/BanAirBundy/minimal_rtos/driver/driver_api/inc" -I"/cygdrive/D/BanAirBundy/minimal_rtos/driver/driver/inc" -I"/cygdrive/D/BanAirBundy/minimal_rtos/middleware/mv_utils/inc" -I"/cygdrive/D/BanAirBundy/minimal_rtos/FreeRTOS/Source/include" -I"/cygdrive/D/BanAirBundy/minimal_rtos/startup" -I"/cygdrive/D/BanAirBundy/minimal_rtos/banux" -I"/cygdrive/D/BanAirBundy/minimal_rtos/banux/01_hal_drivers" -I"/cygdrive/D/BanAirBundy/minimal_rtos/banux/01_hal_drivers/adc" -I"/cygdrive/D/BanAirBundy/minimal_rtos/banux/01_hal_drivers/gpio" -I"/cygdrive/D/BanAirBundy/minimal_rtos/banux/01_hal_drivers/spi" -I"/cygdrive/D/BanAirBundy/minimal_rtos/banux/01_hal_drivers/sdio" -I"/cygdrive/D/BanAirBundy/minimal_rtos/banux/01_vfs" -I"/cygdrive/D/BanAirBundy/minimal_rtos/banux/02_device_drivers/flash" -I"/cygdrive/D/BanAirBundy/minimal_rtos/banux/03_driver_framework" -I"/cygdrive/D/BanAirBundy/minimal_rtos/banux/03_driver_framework/core" -I"/cygdrive/D/BanAirBundy/minimal_rtos/banux/03_driver_framework/drivers" -I"/cygdrive/D/BanAirBundy/minimal_rtos/banux/03_driver_framework/event" -I"/cygdrive/D/BanAirBundy/minimal_rtos/banux/04_shell_commands" -I"/cygdrive/D/BanAirBundy/minimal_rtos/banux/05_component" -I"/cygdrive/D/BanAirBundy/minimal_rtos/banux/05_component/firmware_upgrade" -I"/cygdrive/D/BanAirBundy/minimal_rtos/banux/05_component/fat32" -I"/cygdrive/D/BanAirBundy/minimal_rtos/banux/05_component/sys_param" -I"/cygdrive/D/BanAirBundy/minimal_rtos/banux/05_component/sys_state" -I"/cygdrive/D/BanAirBundy/minimal_rtos/banux/05_component/sys_led" -Og -mcmodel=medium -g3 -Wall -mcpu=d1088-spu -c -fmessage-length=0 -ldsp -mext-dsp -std=gnu99 -fsingle-precision-constant -ffunction-sections -fdata-sections -MMD -MP -MF"src/main.d" -MT"src/main.d src/main.o" -o "src/main.o" "../src/main.c"
In file included from /cygdrive/D/BanAirBundy/minimal_rtos/system_config/app_config.h:4:0,
                 from /cygdrive/D/BanAirBundy/minimal_rtos/middleware/mv_utils/inc/debug.h:32,
                 from ../src/main.c:13:
/cygdrive/D/BanAirBundy/minimal_rtos/system_config/chip_config.h:44:0: warning: "CFG_CHIP_CONFIG" redefined
 #define CFG_CHIP_CONFIG
 ^
<command-line>:0:0: note: this is the location of the previous definition
In file included from ../src/main.c:18:0:
/cygdrive/D/BanAirBundy/minimal_rtos/driver/driver/inc/remap.h:32:0: warning: "FLASH_ADDR" redefined
 #define FLASH_ADDR    0x0
 ^
In file included from /cygdrive/D/BanAirBundy/minimal_rtos/system_config/app_config.h:5:0,
                 from /cygdrive/D/BanAirBundy/minimal_rtos/middleware/mv_utils/inc/debug.h:32,
                 from ../src/main.c:13:
/cygdrive/D/BanAirBundy/minimal_rtos/system_config/flash_config.h:14:0: note: this is the location of the previous definition
     #define FLASH_ADDR              0x00040000
 ^
../src/main.c: In function 'main':
../src/main.c:91:5: warning: null argument where non-null required (argument 1) [-Wnonnull]
     Remap_InitTcm(0, 0, 12);
     ^
../src/main.c:91:5: warning: null argument where non-null required (argument 2) [-Wnonnull]
In file included from ../src/main.c:20:0:
../src/main.c: At top level:
/cygdrive/D/BanAirBundy/minimal_rtos/driver/driver/inc/irqn.h:147:6: warning: inline function 'GIE_DISABLE' declared but never defined
 void GIE_DISABLE(void);
      ^
/cygdrive/D/BanAirBundy/minimal_rtos/driver/driver/inc/irqn.h:139:6: warning: inline function 'GIE_ENABLE' declared but never defined
 void GIE_ENABLE(void);
      ^
/cygdrive/D/BanAirBundy/minimal_rtos/driver/driver/inc/irqn.h:147:6: warning: inline function 'GIE_DISABLE' declared but never defined
 void GIE_DISABLE(void);
      ^
/cygdrive/D/BanAirBundy/minimal_rtos/driver/driver/inc/irqn.h:139:6: warning: inline function 'GIE_ENABLE' declared but never defined
 void GIE_ENABLE(void);
      ^
Finished building: ../src/main.c
 
Building file: ../startup/crt0.S
Invoking: Andes C Compiler
nds32le-elf-gcc -DCFG_APP_CONFIG -DCFG_CHIP_CONFIG -I"/cygdrive/D/BanAirBundy/minimal_rtos" -I"/cygdrive/D/BanAirBundy/minimal_rtos/system_config" -I"/cygdrive/D/BanAirBundy/minimal_rtos/driver/driver_api/inc" -I"/cygdrive/D/BanAirBundy/minimal_rtos/driver/driver/inc" -I"/cygdrive/D/BanAirBundy/minimal_rtos/middleware/mv_utils/inc" -I"/cygdrive/D/BanAirBundy/minimal_rtos/FreeRTOS/Source/include" -I"/cygdrive/D/BanAirBundy/minimal_rtos/startup" -I"/cygdrive/D/BanAirBundy/minimal_rtos/banux" -I"/cygdrive/D/BanAirBundy/minimal_rtos/banux/01_hal_drivers" -I"/cygdrive/D/BanAirBundy/minimal_rtos/banux/01_hal_drivers/adc" -I"/cygdrive/D/BanAirBundy/minimal_rtos/banux/01_hal_drivers/gpio" -I"/cygdrive/D/BanAirBundy/minimal_rtos/banux/01_hal_drivers/spi" -I"/cygdrive/D/BanAirBundy/minimal_rtos/banux/01_hal_drivers/sdio" -I"/cygdrive/D/BanAirBundy/minimal_rtos/banux/01_vfs" -I"/cygdrive/D/BanAirBundy/minimal_rtos/banux/02_device_drivers/flash" -I"/cygdrive/D/BanAirBundy/minimal_rtos/banux/03_driver_framework" -I"/cygdrive/D/BanAirBundy/minimal_rtos/banux/03_driver_framework/core" -I"/cygdrive/D/BanAirBundy/minimal_rtos/banux/03_driver_framework/drivers" -I"/cygdrive/D/BanAirBundy/minimal_rtos/banux/03_driver_framework/event" -I"/cygdrive/D/BanAirBundy/minimal_rtos/banux/04_shell_commands" -I"/cygdrive/D/BanAirBundy/minimal_rtos/banux/05_component" -I"/cygdrive/D/BanAirBundy/minimal_rtos/banux/05_component/firmware_upgrade" -I"/cygdrive/D/BanAirBundy/minimal_rtos/banux/05_component/fat32" -I"/cygdrive/D/BanAirBundy/minimal_rtos/banux/05_component/sys_param" -I"/cygdrive/D/BanAirBundy/minimal_rtos/banux/05_component/sys_state" -I"/cygdrive/D/BanAirBundy/minimal_rtos/banux/05_component/sys_led" -Og -mcmodel=medium -g3 -Wall -mcpu=d1088-spu -c -fmessage-length=0 -ldsp -mext-dsp -std=gnu99 -fsingle-precision-constant -ffunction-sections -fdata-sections -MMD -MP -MF"startup/crt0.d" -MT"startup/crt0.d startup/crt0.o" -o "startup/crt0.o" "../startup/crt0.S"
Finished building: ../startup/crt0.S
 
Building file: ../startup/flash_boot.c
Invoking: Andes C Compiler
nds32le-elf-gcc -DCFG_APP_CONFIG -DCFG_CHIP_CONFIG -I"/cygdrive/D/BanAirBundy/minimal_rtos" -I"/cygdrive/D/BanAirBundy/minimal_rtos/system_config" -I"/cygdrive/D/BanAirBundy/minimal_rtos/driver/driver_api/inc" -I"/cygdrive/D/BanAirBundy/minimal_rtos/driver/driver/inc" -I"/cygdrive/D/BanAirBundy/minimal_rtos/middleware/mv_utils/inc" -I"/cygdrive/D/BanAirBundy/minimal_rtos/FreeRTOS/Source/include" -I"/cygdrive/D/BanAirBundy/minimal_rtos/startup" -I"/cygdrive/D/BanAirBundy/minimal_rtos/banux" -I"/cygdrive/D/BanAirBundy/minimal_rtos/banux/01_hal_drivers" -I"/cygdrive/D/BanAirBundy/minimal_rtos/banux/01_hal_drivers/adc" -I"/cygdrive/D/BanAirBundy/minimal_rtos/banux/01_hal_drivers/gpio" -I"/cygdrive/D/BanAirBundy/minimal_rtos/banux/01_hal_drivers/spi" -I"/cygdrive/D/BanAirBundy/minimal_rtos/banux/01_hal_drivers/sdio" -I"/cygdrive/D/BanAirBundy/minimal_rtos/banux/01_vfs" -I"/cygdrive/D/BanAirBundy/minimal_rtos/banux/02_device_drivers/flash" -I"/cygdrive/D/BanAirBundy/minimal_rtos/banux/03_driver_framework" -I"/cygdrive/D/BanAirBundy/minimal_rtos/banux/03_driver_framework/core" -I"/cygdrive/D/BanAirBundy/minimal_rtos/banux/03_driver_framework/drivers" -I"/cygdrive/D/BanAirBundy/minimal_rtos/banux/03_driver_framework/event" -I"/cygdrive/D/BanAirBundy/minimal_rtos/banux/04_shell_commands" -I"/cygdrive/D/BanAirBundy/minimal_rtos/banux/05_component" -I"/cygdrive/D/BanAirBundy/minimal_rtos/banux/05_component/firmware_upgrade" -I"/cygdrive/D/BanAirBundy/minimal_rtos/banux/05_component/fat32" -I"/cygdrive/D/BanAirBundy/minimal_rtos/banux/05_component/sys_param" -I"/cygdrive/D/BanAirBundy/minimal_rtos/banux/05_component/sys_state" -I"/cygdrive/D/BanAirBundy/minimal_rtos/banux/05_component/sys_led" -Og -mcmodel=medium -g3 -Wall -mcpu=d1088-spu -c -fmessage-length=0 -ldsp -mext-dsp -std=gnu99 -fsingle-precision-constant -ffunction-sections -fdata-sections -MMD -MP -MF"startup/flash_boot.d" -MT"startup/flash_boot.d startup/flash_boot.o" -o "startup/flash_boot.o" "../startup/flash_boot.c"
In file included from /cygdrive/D/BanAirBundy/minimal_rtos/system_config/app_config.h:4:0,
                 from ../startup/flash_boot.h:7,
                 from ../startup/flash_boot.c:1:
/cygdrive/D/BanAirBundy/minimal_rtos/system_config/chip_config.h:44:0: warning: "CFG_CHIP_CONFIG" redefined
 #define CFG_CHIP_CONFIG
 ^
<command-line>:0:0: note: this is the location of the previous definition
In file included from ../startup/flash_boot.c:1:0:
../startup/flash_boot.h:156:0: warning: "CFG_SDK_MAGIC_NUMBER" redefined
 #define  CFG_SDK_MAGIC_NUMBER                (0xB0BEBDC9)
 ^
In file included from /cygdrive/D/BanAirBundy/minimal_rtos/system_config/app_config.h:4:0,
                 from ../startup/flash_boot.h:7,
                 from ../startup/flash_boot.c:1:
/cygdrive/D/BanAirBundy/minimal_rtos/system_config/chip_config.h:41:0: note: this is the location of the previous definition
     #define CFG_SDK_MAGIC_NUMBER 0xB0BEBDC9
 ^
Finished building: ../startup/flash_boot.c
 
Building file: ../startup/init-default.c
Invoking: Andes C Compiler
nds32le-elf-gcc -DCFG_APP_CONFIG -DCFG_CHIP_CONFIG -I"/cygdrive/D/BanAirBundy/minimal_rtos" -I"/cygdrive/D/BanAirBundy/minimal_rtos/system_config" -I"/cygdrive/D/BanAirBundy/minimal_rtos/driver/driver_api/inc" -I"/cygdrive/D/BanAirBundy/minimal_rtos/driver/driver/inc" -I"/cygdrive/D/BanAirBundy/minimal_rtos/middleware/mv_utils/inc" -I"/cygdrive/D/BanAirBundy/minimal_rtos/FreeRTOS/Source/include" -I"/cygdrive/D/BanAirBundy/minimal_rtos/startup" -I"/cygdrive/D/BanAirBundy/minimal_rtos/banux" -I"/cygdrive/D/BanAirBundy/minimal_rtos/banux/01_hal_drivers" -I"/cygdrive/D/BanAirBundy/minimal_rtos/banux/01_hal_drivers/adc" -I"/cygdrive/D/BanAirBundy/minimal_rtos/banux/01_hal_drivers/gpio" -I"/cygdrive/D/BanAirBundy/minimal_rtos/banux/01_hal_drivers/spi" -I"/cygdrive/D/BanAirBundy/minimal_rtos/banux/01_hal_drivers/sdio" -I"/cygdrive/D/BanAirBundy/minimal_rtos/banux/01_vfs" -I"/cygdrive/D/BanAirBundy/minimal_rtos/banux/02_device_drivers/flash" -I"/cygdrive/D/BanAirBundy/minimal_rtos/banux/03_driver_framework" -I"/cygdrive/D/BanAirBundy/minimal_rtos/banux/03_driver_framework/core" -I"/cygdrive/D/BanAirBundy/minimal_rtos/banux/03_driver_framework/drivers" -I"/cygdrive/D/BanAirBundy/minimal_rtos/banux/03_driver_framework/event" -I"/cygdrive/D/BanAirBundy/minimal_rtos/banux/04_shell_commands" -I"/cygdrive/D/BanAirBundy/minimal_rtos/banux/05_component" -I"/cygdrive/D/BanAirBundy/minimal_rtos/banux/05_component/firmware_upgrade" -I"/cygdrive/D/BanAirBundy/minimal_rtos/banux/05_component/fat32" -I"/cygdrive/D/BanAirBundy/minimal_rtos/banux/05_component/sys_param" -I"/cygdrive/D/BanAirBundy/minimal_rtos/banux/05_component/sys_state" -I"/cygdrive/D/BanAirBundy/minimal_rtos/banux/05_component/sys_led" -Og -mcmodel=medium -g3 -Wall -mcpu=d1088-spu -c -fmessage-length=0 -ldsp -mext-dsp -std=gnu99 -fsingle-precision-constant -ffunction-sections -fdata-sections -MMD -MP -MF"startup/init-default.d" -MT"startup/init-default.d startup/init-default.o" -o "startup/init-default.o" "../startup/init-default.c"
In file included from /cygdrive/D/BanAirBundy/minimal_rtos/system_config/app_config.h:4:0,
                 from /cygdrive/D/BanAirBundy/minimal_rtos/middleware/mv_utils/inc/debug.h:32,
                 from ../startup/init-default.c:2:
/cygdrive/D/BanAirBundy/minimal_rtos/system_config/chip_config.h:44:0: warning: "CFG_CHIP_CONFIG" redefined
 #define CFG_CHIP_CONFIG
 ^
<command-line>:0:0: note: this is the location of the previous definition
In file included from ../startup/init-default.c:4:0:
/cygdrive/D/BanAirBundy/minimal_rtos/driver/driver/inc/remap.h:32:0: warning: "FLASH_ADDR" redefined
 #define FLASH_ADDR    0x0
 ^
In file included from /cygdrive/D/BanAirBundy/minimal_rtos/system_config/app_config.h:5:0,
                 from /cygdrive/D/BanAirBundy/minimal_rtos/middleware/mv_utils/inc/debug.h:32,
                 from ../startup/init-default.c:2:
/cygdrive/D/BanAirBundy/minimal_rtos/system_config/flash_config.h:14:0: note: this is the location of the previous definition
     #define FLASH_ADDR              0x00040000
 ^
In file included from ../startup/init-default.c:5:0:
../startup/flash_boot.h:156:0: warning: "CFG_SDK_MAGIC_NUMBER" redefined
 #define  CFG_SDK_MAGIC_NUMBER                (0xB0BEBDC9)
 ^
In file included from /cygdrive/D/BanAirBundy/minimal_rtos/system_config/app_config.h:4:0,
                 from /cygdrive/D/BanAirBundy/minimal_rtos/middleware/mv_utils/inc/debug.h:32,
                 from ../startup/init-default.c:2:
/cygdrive/D/BanAirBundy/minimal_rtos/system_config/chip_config.h:41:0: note: this is the location of the previous definition
     #define CFG_SDK_MAGIC_NUMBER 0xB0BEBDC9
 ^
Finished building: ../startup/init-default.c
 
Building file: ../startup/interrupt.c
Invoking: Andes C Compiler
nds32le-elf-gcc -DCFG_APP_CONFIG -DCFG_CHIP_CONFIG -I"/cygdrive/D/BanAirBundy/minimal_rtos" -I"/cygdrive/D/BanAirBundy/minimal_rtos/system_config" -I"/cygdrive/D/BanAirBundy/minimal_rtos/driver/driver_api/inc" -I"/cygdrive/D/BanAirBundy/minimal_rtos/driver/driver/inc" -I"/cygdrive/D/BanAirBundy/minimal_rtos/middleware/mv_utils/inc" -I"/cygdrive/D/BanAirBundy/minimal_rtos/FreeRTOS/Source/include" -I"/cygdrive/D/BanAirBundy/minimal_rtos/startup" -I"/cygdrive/D/BanAirBundy/minimal_rtos/banux" -I"/cygdrive/D/BanAirBundy/minimal_rtos/banux/01_hal_drivers" -I"/cygdrive/D/BanAirBundy/minimal_rtos/banux/01_hal_drivers/adc" -I"/cygdrive/D/BanAirBundy/minimal_rtos/banux/01_hal_drivers/gpio" -I"/cygdrive/D/BanAirBundy/minimal_rtos/banux/01_hal_drivers/spi" -I"/cygdrive/D/BanAirBundy/minimal_rtos/banux/01_hal_drivers/sdio" -I"/cygdrive/D/BanAirBundy/minimal_rtos/banux/01_vfs" -I"/cygdrive/D/BanAirBundy/minimal_rtos/banux/02_device_drivers/flash" -I"/cygdrive/D/BanAirBundy/minimal_rtos/banux/03_driver_framework" -I"/cygdrive/D/BanAirBundy/minimal_rtos/banux/03_driver_framework/core" -I"/cygdrive/D/BanAirBundy/minimal_rtos/banux/03_driver_framework/drivers" -I"/cygdrive/D/BanAirBundy/minimal_rtos/banux/03_driver_framework/event" -I"/cygdrive/D/BanAirBundy/minimal_rtos/banux/04_shell_commands" -I"/cygdrive/D/BanAirBundy/minimal_rtos/banux/05_component" -I"/cygdrive/D/BanAirBundy/minimal_rtos/banux/05_component/firmware_upgrade" -I"/cygdrive/D/BanAirBundy/minimal_rtos/banux/05_component/fat32" -I"/cygdrive/D/BanAirBundy/minimal_rtos/banux/05_component/sys_param" -I"/cygdrive/D/BanAirBundy/minimal_rtos/banux/05_component/sys_state" -I"/cygdrive/D/BanAirBundy/minimal_rtos/banux/05_component/sys_led" -Og -mcmodel=medium -g3 -Wall -mcpu=d1088-spu -c -fmessage-length=0 -ldsp -mext-dsp -std=gnu99 -fsingle-precision-constant -ffunction-sections -fdata-sections -MMD -MP -MF"startup/interrupt.d" -MT"startup/interrupt.d startup/interrupt.o" -o "startup/interrupt.o" "../startup/interrupt.c"
Finished building: ../startup/interrupt.c
 
Building file: ../startup/retarget.c
Invoking: Andes C Compiler
nds32le-elf-gcc -DCFG_APP_CONFIG -DCFG_CHIP_CONFIG -I"/cygdrive/D/BanAirBundy/minimal_rtos" -I"/cygdrive/D/BanAirBundy/minimal_rtos/system_config" -I"/cygdrive/D/BanAirBundy/minimal_rtos/driver/driver_api/inc" -I"/cygdrive/D/BanAirBundy/minimal_rtos/driver/driver/inc" -I"/cygdrive/D/BanAirBundy/minimal_rtos/middleware/mv_utils/inc" -I"/cygdrive/D/BanAirBundy/minimal_rtos/FreeRTOS/Source/include" -I"/cygdrive/D/BanAirBundy/minimal_rtos/startup" -I"/cygdrive/D/BanAirBundy/minimal_rtos/banux" -I"/cygdrive/D/BanAirBundy/minimal_rtos/banux/01_hal_drivers" -I"/cygdrive/D/BanAirBundy/minimal_rtos/banux/01_hal_drivers/adc" -I"/cygdrive/D/BanAirBundy/minimal_rtos/banux/01_hal_drivers/gpio" -I"/cygdrive/D/BanAirBundy/minimal_rtos/banux/01_hal_drivers/spi" -I"/cygdrive/D/BanAirBundy/minimal_rtos/banux/01_hal_drivers/sdio" -I"/cygdrive/D/BanAirBundy/minimal_rtos/banux/01_vfs" -I"/cygdrive/D/BanAirBundy/minimal_rtos/banux/02_device_drivers/flash" -I"/cygdrive/D/BanAirBundy/minimal_rtos/banux/03_driver_framework" -I"/cygdrive/D/BanAirBundy/minimal_rtos/banux/03_driver_framework/core" -I"/cygdrive/D/BanAirBundy/minimal_rtos/banux/03_driver_framework/drivers" -I"/cygdrive/D/BanAirBundy/minimal_rtos/banux/03_driver_framework/event" -I"/cygdrive/D/BanAirBundy/minimal_rtos/banux/04_shell_commands" -I"/cygdrive/D/BanAirBundy/minimal_rtos/banux/05_component" -I"/cygdrive/D/BanAirBundy/minimal_rtos/banux/05_component/firmware_upgrade" -I"/cygdrive/D/BanAirBundy/minimal_rtos/banux/05_component/fat32" -I"/cygdrive/D/BanAirBundy/minimal_rtos/banux/05_component/sys_param" -I"/cygdrive/D/BanAirBundy/minimal_rtos/banux/05_component/sys_state" -I"/cygdrive/D/BanAirBundy/minimal_rtos/banux/05_component/sys_led" -Og -mcmodel=medium -g3 -Wall -mcpu=d1088-spu -c -fmessage-length=0 -ldsp -mext-dsp -std=gnu99 -fsingle-precision-constant -ffunction-sections -fdata-sections -MMD -MP -MF"startup/retarget.d" -MT"startup/retarget.d startup/retarget.o" -o "startup/retarget.o" "../startup/retarget.c"
In file included from /cygdrive/D/BanAirBundy/minimal_rtos/system_config/app_config.h:4:0,
                 from /cygdrive/D/BanAirBundy/minimal_rtos/middleware/mv_utils/inc/debug.h:32,
                 from /cygdrive/D/BanAirBundy/minimal_rtos/driver/driver/inc/remap.h:28,
                 from ../startup/retarget.c:11:
/cygdrive/D/BanAirBundy/minimal_rtos/system_config/chip_config.h:44:0: warning: "CFG_CHIP_CONFIG" redefined
 #define CFG_CHIP_CONFIG
 ^
<command-line>:0:0: note: this is the location of the previous definition
In file included from ../startup/retarget.c:11:0:
/cygdrive/D/BanAirBundy/minimal_rtos/driver/driver/inc/remap.h:32:0: warning: "FLASH_ADDR" redefined
 #define FLASH_ADDR    0x0
 ^
In file included from /cygdrive/D/BanAirBundy/minimal_rtos/system_config/app_config.h:5:0,
                 from /cygdrive/D/BanAirBundy/minimal_rtos/middleware/mv_utils/inc/debug.h:32,
                 from /cygdrive/D/BanAirBundy/minimal_rtos/driver/driver/inc/remap.h:28,
                 from ../startup/retarget.c:11:
/cygdrive/D/BanAirBundy/minimal_rtos/system_config/flash_config.h:14:0: note: this is the location of the previous definition
     #define FLASH_ADDR              0x00040000
 ^
Finished building: ../startup/retarget.c
 
Building target: minimal_rtos.adx
Invoking: Andes C Linker
nds32le-elf-gcc -Og -nostartfiles -static -L"/cygdrive/D/BanAirBundy/minimal_rtos/driver/driver" -mcmodel=medium -ldsp -mext-dsp -T"../nds32-ae210p.ld" -Wl,--gc-sections -mvh -o "minimal_rtos.adx"  ./FreeRTOS/Source/event_groups.o ./FreeRTOS/Source/heap_5s.o ./FreeRTOS/Source/list.o ./FreeRTOS/Source/queue.o ./FreeRTOS/Source/tasks.o ./FreeRTOS/Source/timers.o  ./FreeRTOS/Source/portable/os_cpu_a.o ./FreeRTOS/Source/portable/port.o ./FreeRTOS/Source/portable/portISR.o  ./banux/01_hal_drivers/adc/audio_setting.o  ./banux/01_hal_drivers/psram_heap.o  ./banux/01_hal_drivers/sdio/hal_sdio.o  ./banux/01_vfs/vfs.o  ./banux/02_device_drivers/flash/BG_FlashMgr.o ./banux/02_device_drivers/flash/bg_flash_manager.o ./banux/02_device_drivers/flash/flash_bus.o ./banux/02_device_drivers/flash/flash_devices.o ./banux/02_device_drivers/flash/flash_driver.o ./banux/02_device_drivers/flash/flash_manager.o ./banux/02_device_drivers/flash/flash_nand_w25n02.o ./banux/02_device_drivers/flash/flash_nor_w25qxx.o ./banux/02_device_drivers/flash/flash_test.o ./banux/02_device_drivers/flash/psram_esp64h.o  ./banux/03_driver_framework/core/drv_device.o ./banux/03_driver_framework/core/drv_fs.o  ./banux/03_driver_framework/drivers/drv_psram.o ./banux/03_driver_framework/drivers/drv_w25n02.o ./banux/03_driver_framework/drivers/drv_w25qxx.o  ./banux/03_driver_framework/drv_init.o  ./banux/03_driver_framework/event/bg_event.o  ./banux/05_component/firmware_upgrade/app_upgrade.o ./banux/05_component/firmware_upgrade/boot_decision.o ./banux/05_component/firmware_upgrade/fw_upgrade.o  ./driver/driver_api/src/uarts_interface.o  ./middleware/mv_utils/src/debug.o ./middleware/mv_utils/src/heap.o  ./src/main.o  ./startup/crt0.o ./startup/flash_boot.o ./startup/init-default.o ./startup/interrupt.o ./startup/retarget.o   -lDriver
Finished building target: minimal_rtos.adx
 
/usr/bin/make --no-print-directory post-build
nds32le-elf-objcopy -O binary "minimal_rtos.adx" output/minimal_rtos.bin
 
Invoking: NM (symbol listing)
nds32le-elf-nm -n -l -C "minimal_rtos.adx" > output/symbol.txt
Finished building: output/symbol.txt
 
Invoking: Readelf (ELF info listing)
nds32le-elf-readelf -a "minimal_rtos.adx" > output/readelf.txt
Finished building: output/readelf.txt
 
Invoking: Objdump (disassembly)
nds32le-elf-objdump -x -d -C "minimal_rtos.adx" > output/objdump.txt
Finished building: output/objdump.txt
 
Invoking: Size (section size listing)
nds32le-elf-size  "minimal_rtos.adx" | tee output/.PHONY.size
   text (code + rodata)	   data	    bss	    dec	    hex	filename
  23158 (21218 +   1940)	    184	    736	  24078	   5e0e	minimal_rtos.adx
Finished building: output/.PHONY.size
 

14:49:37 Build Finished (took 29s.977ms)

